avatar_file;hero_uid;appearance_id;status;source_path;destination_path;details
2801_Screenshot_20250708-120939__L1.png;HW_HERO_0027;keira__appearance_01;ALREADY_PRESENT;;data/crops/hero/avatars_inner/2801_Screenshot_20250708-120939__L1.png;
2801_Screenshot_20250708-120939__L2.png;HW_HERO_0014;folio__appearance_01;ALREADY_PRESENT;;data/crops/hero/avatars_inner/2801_Screenshot_20250708-120939__L2.png;
2801_Screenshot_20250708-120939__L3.png;HW_HERO_0006;celeste__appearance_01;ALREADY_PRESENT;;data/crops/hero/avatars_inner/2801_Screenshot_20250708-120939__L3.png;
2801_Screenshot_20250708-120939__L4.png;HW_HERO_0002;andvari__appearance_01;ALREADY_PRESENT;;data/crops/hero/avatars_inner/2801_Screenshot_20250708-120939__L4.png;
2801_Screenshot_20250708-120939__L5.png;HW_HERO_0032;martha__appearance_01;ALREADY_PRESENT;;data/crops/hero/avatars_inner/2801_Screenshot_20250708-120939__L5.png;
2801_Screenshot_20250708-120939__R1.png;HW_HERO_0043;qing_mao__appearance_01;ALREADY_PRESENT;;data/crops/hero/avatars_inner/2801_Screenshot_20250708-120939__R1.png;
2801_Screenshot_20250708-120939__R2.png;HW_HERO_0027;keira__appearance_01;ALREADY_PRESENT;;data/crops/hero/avatars_inner/2801_Screenshot_20250708-120939__R2.png;
2801_Screenshot_20250708-120939__R3.png;HW_HERO_0015;galaad__appearance_01;ALREADY_PRESENT;;data/crops/hero/avatars_inner/2801_Screenshot_20250708-120939__R3.png;
2801_Screenshot_20250708-120939__R4.png;HW_HERO_0006;celeste__appearance_01;ALREADY_PRESENT;;data/crops/hero/avatars_inner/2801_Screenshot_20250708-120939__R4.png;
2801_Screenshot_20250708-120939__R5.png;HW_HERO_0003;astaroth__appearance_01;ALREADY_PRESENT;;data/crops/hero/avatars_inner/2801_Screenshot_20250708-120939__R5.png;
2802_Screenshot_20250708-120933__L1.png;HW_HERO_0027;keira__appearance_01;ALREADY_PRESENT;;data/crops/hero/avatars_inner/2802_Screenshot_20250708-120933__L1.png;
2802_Screenshot_20250708-120933__L2.png;HW_HERO_0006;celeste__appearance_01;ALREADY_PRESENT;;data/crops/hero/avatars_inner/2802_Screenshot_20250708-120933__L2.png;
2802_Screenshot_20250708-120933__L3.png;HW_HERO_0002;andvari__appearance_01;ALREADY_PRESENT;;data/crops/hero/avatars_inner/2802_Screenshot_20250708-120933__L3.png;
2802_Screenshot_20250708-120933__L4.png;HW_HERO_0014;folio__appearance_01;ALREADY_PRESENT;;data/crops/hero/avatars_inner/2802_Screenshot_20250708-120933__L4.png;
2802_Screenshot_20250708-120933__L5.png;HW_HERO_0032;martha__appearance_01;ALREADY_PRESENT;;data/crops/hero/avatars_inner/2802_Screenshot_20250708-120933__L5.png;
2802_Screenshot_20250708-120933__R1.png;HW_HERO_0045;satori__appearance_01;ALREADY_PRESENT;;data/crops/hero/avatars_inner/2802_Screenshot_20250708-120933__R1.png;
2802_Screenshot_20250708-120933__R2.png;HW_HERO_0015;galaad__appearance_01;ALREADY_PRESENT;;data/crops/hero/avatars_inner/2802_Screenshot_20250708-120933__R2.png;
2802_Screenshot_20250708-120933__R3.png;HW_HERO_0022;jorgen__appearance_01;ALREADY_PRESENT;;data/crops/hero/avatars_inner/2802_Screenshot_20250708-120933__R3.png;
2802_Screenshot_20250708-120933__R4.png;HW_HERO_0003;astaroth__appearance_01;ALREADY_PRESENT;;data/crops/hero/avatars_inner/2802_Screenshot_20250708-120933__R4.png;
2802_Screenshot_20250708-120933__R5.png;HW_HERO_0032;martha__appearance_01;ALREADY_PRESENT;;data/crops/hero/avatars_inner/2802_Screenshot_20250708-120933__R5.png;
2803_Screenshot_20250709-140336__L1.png;HW_HERO_0026;kayla__appearance_01;ALREADY_PRESENT;;data/crops/hero/avatars_inner/2803_Screenshot_20250709-140336__L1.png;
2803_Screenshot_20250709-140336__L2.png;HW_HERO_0040;peech__appearance_01;ALREADY_PRESENT;;data/crops/hero/avatars_inner/2803_Screenshot_20250709-140336__L2.png;
2803_Screenshot_20250709-140336__L3.png;HW_HERO_0003;astaroth__appearance_02;ALREADY_PRESENT;;data/crops/hero/avatars_inner/2803_Screenshot_20250709-140336__L3.png;
2803_Screenshot_20250709-140336__L4.png;HW_HERO_0001;aidan__appearance_01;ALREADY_PRESENT;;data/crops/hero/avatars_inner/2803_Screenshot_20250709-140336__L4.png;
2803_Screenshot_20250709-140336__L5.png;HW_HERO_0017;guus__appearance_01;ALREADY_PRESENT;;data/crops/hero/avatars_inner/2803_Screenshot_20250709-140336__L5.png;
2803_Screenshot_20250709-140336__R1.png;HW_HERO_0042;polaris__appearance_01;ALREADY_PRESENT;;data/crops/hero/avatars_inner/2803_Screenshot_20250709-140336__R1.png;
2803_Screenshot_20250709-140336__R2.png;HW_HERO_0030;lian__appearance_01;ALREADY_PRESENT;;data/crops/hero/avatars_inner/2803_Screenshot_20250709-140336__R2.png;
2803_Screenshot_20250709-140336__R3.png;HW_HERO_0047;soleil__appearance_01;ALREADY_PRESENT;;data/crops/hero/avatars_inner/2803_Screenshot_20250709-140336__R3.png;
2803_Screenshot_20250709-140336__R4.png;HW_HERO_0024;julius__appearance_01;ALREADY_PRESENT;;data/crops/hero/avatars_inner/2803_Screenshot_20250709-140336__R4.png;
2803_Screenshot_20250709-140336__R5.png;HW_HERO_0017;guus__appearance_01;ALREADY_PRESENT;;data/crops/hero/avatars_inner/2803_Screenshot_20250709-140336__R5.png;
2804_Screenshot_20250709-140324__L1.png;HW_HERO_0026;kayla__appearance_01;ALREADY_PRESENT;;data/crops/hero/avatars_inner/2804_Screenshot_20250709-140324__L1.png;
2804_Screenshot_20250709-140324__L2.png;HW_HERO_0040;peech__appearance_01;ALREADY_PRESENT;;data/crops/hero/avatars_inner/2804_Screenshot_20250709-140324__L2.png;
2804_Screenshot_20250709-140324__L3.png;HW_HERO_0003;astaroth__appearance_02;ALREADY_PRESENT;;data/crops/hero/avatars_inner/2804_Screenshot_20250709-140324__L3.png;
2804_Screenshot_20250709-140324__L4.png;HW_HERO_0001;aidan__appearance_01;ALREADY_PRESENT;;data/crops/hero/avatars_inner/2804_Screenshot_20250709-140324__L4.png;
2804_Screenshot_20250709-140324__L5.png;HW_HERO_0017;guus__appearance_01;ALREADY_PRESENT;;data/crops/hero/avatars_inner/2804_Screenshot_20250709-140324__L5.png;
2804_Screenshot_20250709-140324__R1.png;HW_HERO_0010;dante__appearance_01;ALREADY_PRESENT;;data/crops/hero/avatars_inner/2804_Screenshot_20250709-140324__R1.png;
2804_Screenshot_20250709-140324__R2.png;HW_HERO_0044;rufus__appearance_01;ALREADY_PRESENT;;data/crops/hero/avatars_inner/2804_Screenshot_20250709-140324__R2.png;
2804_Screenshot_20250709-140324__R3.png;HW_HERO_0011;dorian__appearance_01;ALREADY_PRESENT;;data/crops/hero/avatars_inner/2804_Screenshot_20250709-140324__R3.png;
2804_Screenshot_20250709-140324__R4.png;HW_HERO_0020;jet__appearance_01;ALREADY_PRESENT;;data/crops/hero/avatars_inner/2804_Screenshot_20250709-140324__R4.png;
2804_Screenshot_20250709-140324__R5.png;HW_HERO_0017;guus__appearance_01;ALREADY_PRESENT;;data/crops/hero/avatars_inner/2804_Screenshot_20250709-140324__R5.png;
2805_Screenshot_20250709-125031__L1.png;HW_HERO_0038;orion__appearance_01;ALREADY_PRESENT;;data/crops/hero/avatars_inner/2805_Screenshot_20250709-125031__L1.png;
2805_Screenshot_20250709-125031__L2.png;HW_HERO_0019;ishmael__appearance_01;ALREADY_PRESENT;;data/crops/hero/avatars_inner/2805_Screenshot_20250709-125031__L2.png;
2805_Screenshot_20250709-125031__L3.png;HW_HERO_0035;mojo__appearance_01;ALREADY_PRESENT;;data/crops/hero/avatars_inner/2805_Screenshot_20250709-125031__L3.png;
2805_Screenshot_20250709-125031__L4.png;HW_HERO_0053;ziri__appearance_01;ALREADY_PRESENT;;data/crops/hero/avatars_inner/2805_Screenshot_20250709-125031__L4.png;
2805_Screenshot_20250709-125031__L5.png;HW_HERO_0032;martha__appearance_01;ALREADY_PRESENT;;data/crops/hero/avatars_inner/2805_Screenshot_20250709-125031__L5.png;
2805_Screenshot_20250709-125031__R1.png;HW_HERO_0005;cascade__appearance_01;ALREADY_PRESENT;;data/crops/hero/avatars_inner/2805_Screenshot_20250709-125031__R1.png;
2805_Screenshot_20250709-125031__R2.png;HW_HERO_0021;jhu__appearance_01;ALREADY_PRESENT;;data/crops/hero/avatars_inner/2805_Screenshot_20250709-125031__R2.png;
2805_Screenshot_20250709-125031__R3.png;HW_HERO_0016;ginger__appearance_01;ALREADY_PRESENT;;data/crops/hero/avatars_inner/2805_Screenshot_20250709-125031__R3.png;
2805_Screenshot_20250709-125031__R4.png;HW_HERO_0006;celeste__appearance_01;ALREADY_PRESENT;;data/crops/hero/avatars_inner/2805_Screenshot_20250709-125031__R4.png;
2805_Screenshot_20250709-125031__R5.png;HW_HERO_0032;martha__appearance_01;ALREADY_PRESENT;;data/crops/hero/avatars_inner/2805_Screenshot_20250709-125031__R5.png;
2806_Screenshot_20250709-124954__L1.png;HW_HERO_0021;jhu__appearance_01;ALREADY_PRESENT;;data/crops/hero/avatars_inner/2806_Screenshot_20250709-124954__L1.png;
2806_Screenshot_20250709-124954__L2.png;HW_HERO_0015;galaad__appearance_01;ALREADY_PRESENT;;data/crops/hero/avatars_inner/2806_Screenshot_20250709-124954__L2.png;
2806_Screenshot_20250709-124954__L3.png;HW_HERO_0014;folio__appearance_01;ALREADY_PRESENT;;data/crops/hero/avatars_inner/2806_Screenshot_20250709-124954__L3.png;
2806_Screenshot_20250709-124954__L4.png;HW_HERO_0033;maya__appearance_01;ALREADY_PRESENT;;data/crops/hero/avatars_inner/2806_Screenshot_20250709-124954__L4.png;
2806_Screenshot_20250709-124954__L5.png;HW_HERO_0036;nebula__appearance_01;ALREADY_PRESENT;;data/crops/hero/avatars_inner/2806_Screenshot_20250709-124954__L5.png;
2806_Screenshot_20250709-124954__R1.png;HW_HERO_0025;karkh__appearance_01;ALREADY_PRESENT;;data/crops/hero/avatars_inner/2806_Screenshot_20250709-124954__R1.png;
2806_Screenshot_20250709-124954__R2.png;HW_HERO_0015;galaad__appearance_01;ALREADY_PRESENT;;data/crops/hero/avatars_inner/2806_Screenshot_20250709-124954__R2.png;
2806_Screenshot_20250709-124954__R3.png;HW_HERO_0041;phobos__appearance_01;ALREADY_PRESENT;;data/crops/hero/avatars_inner/2806_Screenshot_20250709-124954__R3.png;
2806_Screenshot_20250709-124954__R4.png;HW_HERO_0033;maya__appearance_01;ALREADY_PRESENT;;data/crops/hero/avatars_inner/2806_Screenshot_20250709-124954__R4.png;
2806_Screenshot_20250709-124954__R5.png;HW_HERO_0011;dorian__appearance_01;ALREADY_PRESENT;;data/crops/hero/avatars_inner/2806_Screenshot_20250709-124954__R5.png;
2807_Screenshot_20250709-124710__L1.png;HW_HERO_0027;keira__appearance_01;ALREADY_PRESENT;;data/crops/hero/avatars_inner/2807_Screenshot_20250709-124710__L1.png;
2807_Screenshot_20250709-124710__L2.png;HW_HERO_0014;folio__appearance_01;ALREADY_PRESENT;;data/crops/hero/avatars_inner/2807_Screenshot_20250709-124710__L2.png;
2807_Screenshot_20250709-124710__L3.png;HW_HERO_0006;celeste__appearance_01;ALREADY_PRESENT;;data/crops/hero/avatars_inner/2807_Screenshot_20250709-124710__L3.png;
2807_Screenshot_20250709-124710__L4.png;HW_HERO_0002;andvari__appearance_01;ALREADY_PRESENT;;data/crops/hero/avatars_inner/2807_Screenshot_20250709-124710__L4.png;
2807_Screenshot_20250709-124710__L5.png;HW_HERO_0032;martha__appearance_01;ALREADY_PRESENT;;data/crops/hero/avatars_inner/2807_Screenshot_20250709-124710__L5.png;
2807_Screenshot_20250709-124710__R1.png;HW_HERO_0005;cascade__appearance_01;ALREADY_PRESENT;;data/crops/hero/avatars_inner/2807_Screenshot_20250709-124710__R1.png;
2807_Screenshot_20250709-124710__R2.png;HW_HERO_0010;dante__appearance_01;ALREADY_PRESENT;;data/crops/hero/avatars_inner/2807_Screenshot_20250709-124710__R2.png;
2807_Screenshot_20250709-124710__R3.png;HW_HERO_0008;corvus__appearance_01;ALREADY_PRESENT;;data/crops/hero/avatars_inner/2807_Screenshot_20250709-124710__R3.png;
2807_Screenshot_20250709-124710__R4.png;HW_HERO_0037;octavia__appearance_01;ALREADY_PRESENT;;data/crops/hero/avatars_inner/2807_Screenshot_20250709-124710__R4.png;
2807_Screenshot_20250709-124710__R5.png;HW_HERO_0036;nebula__appearance_01;ALREADY_PRESENT;;data/crops/hero/avatars_inner/2807_Screenshot_20250709-124710__R5.png;
2808_Screenshot_20250709-124612__L1.png;HW_HERO_0027;keira__appearance_01;ALREADY_PRESENT;;data/crops/hero/avatars_inner/2808_Screenshot_20250709-124612__L1.png;
2808_Screenshot_20250709-124612__L2.png;HW_HERO_0021;jhu__appearance_01;ALREADY_PRESENT;;data/crops/hero/avatars_inner/2808_Screenshot_20250709-124612__L2.png;
2808_Screenshot_20250709-124612__L3.png;HW_HERO_0002;andvari__appearance_01;ALREADY_PRESENT;;data/crops/hero/avatars_inner/2808_Screenshot_20250709-124612__L3.png;
2808_Screenshot_20250709-124612__L4.png;HW_HERO_0006;celeste__appearance_01;ALREADY_PRESENT;;data/crops/hero/avatars_inner/2808_Screenshot_20250709-124612__L4.png;
2808_Screenshot_20250709-124612__L5.png;HW_HERO_0032;martha__appearance_01;ALREADY_PRESENT;;data/crops/hero/avatars_inner/2808_Screenshot_20250709-124612__L5.png;
2808_Screenshot_20250709-124612__R1.png;HW_HERO_0019;ishmael__appearance_01;ALREADY_PRESENT;;data/crops/hero/avatars_inner/2808_Screenshot_20250709-124612__R1.png;
2808_Screenshot_20250709-124612__R2.png;HW_HERO_0052;yasmine__appearance_01;ALREADY_PRESENT;;data/crops/hero/avatars_inner/2808_Screenshot_20250709-124612__R2.png;
2808_Screenshot_20250709-124612__R3.png;HW_HERO_0046;sebastien__appearance_01;ALREADY_PRESENT;;data/crops/hero/avatars_inner/2808_Screenshot_20250709-124612__R3.png;
2808_Screenshot_20250709-124612__R4.png;HW_HERO_0003;astaroth__appearance_01;ALREADY_PRESENT;;data/crops/hero/avatars_inner/2808_Screenshot_20250709-124612__R4.png;
2808_Screenshot_20250709-124612__R5.png;HW_HERO_0013;fafnir__appearance_01;ALREADY_PRESENT;;data/crops/hero/avatars_inner/2808_Screenshot_20250709-124612__R5.png;
2809_Screenshot_20250709-175158__L1.png;HW_HERO_0043;qing_mao__appearance_01;ALREADY_PRESENT;;data/crops/hero/avatars_inner/2809_Screenshot_20250709-175158__L1.png;
2809_Screenshot_20250709-175158__L2.png;HW_HERO_0019;ishmael__appearance_01;ALREADY_PRESENT;;data/crops/hero/avatars_inner/2809_Screenshot_20250709-175158__L2.png;
2809_Screenshot_20250709-175158__L3.png;HW_HERO_0050;tristan__appearance_01;ALREADY_PRESENT;;data/crops/hero/avatars_inner/2809_Screenshot_20250709-175158__L3.png;
2809_Screenshot_20250709-175158__L4.png;HW_HERO_0015;galaad__appearance_01;ALREADY_PRESENT;;data/crops/hero/avatars_inner/2809_Screenshot_20250709-175158__L4.png;
2809_Screenshot_20250709-175158__L5.png;HW_HERO_0013;fafnir__appearance_01;ALREADY_PRESENT;;data/crops/hero/avatars_inner/2809_Screenshot_20250709-175158__L5.png;
2809_Screenshot_20250709-175158__R1.png;HW_HERO_0051;xesha__appearance_01;ALREADY_PRESENT;;data/crops/hero/avatars_inner/2809_Screenshot_20250709-175158__R1.png;
2809_Screenshot_20250709-175158__R2.png;HW_HERO_0030;lian__appearance_01;ALREADY_PRESENT;;data/crops/hero/avatars_inner/2809_Screenshot_20250709-175158__R2.png;
2809_Screenshot_20250709-175158__R3.png;HW_HERO_0022;jorgen__appearance_01;ALREADY_PRESENT;;data/crops/hero/avatars_inner/2809_Screenshot_20250709-175158__R3.png;
2809_Screenshot_20250709-175158__R4.png;HW_HERO_0003;astaroth__appearance_01;ALREADY_PRESENT;;data/crops/hero/avatars_inner/2809_Screenshot_20250709-175158__R4.png;
2809_Screenshot_20250709-175158__R5.png;HW_HERO_0001;aidan__appearance_01;ALREADY_PRESENT;;data/crops/hero/avatars_inner/2809_Screenshot_20250709-175158__R5.png;
2810_Screenshot_20250709-175224__L1.png;HW_HERO_0003;astaroth__appearance_02;ALREADY_PRESENT;;data/crops/hero/avatars_inner/2810_Screenshot_20250709-175224__L1.png;
2810_Screenshot_20250709-175224__L2.png;HW_HERO_0031;lilith__appearance_01;ALREADY_PRESENT;;data/crops/hero/avatars_inner/2810_Screenshot_20250709-175224__L2.png;
2810_Screenshot_20250709-175224__L3.png;HW_HERO_0001;aidan__appearance_01;ALREADY_PRESENT;;data/crops/hero/avatars_inner/2810_Screenshot_20250709-175224__L3.png;
2810_Screenshot_20250709-175224__L4.png;HW_HERO_0051;xesha__appearance_01;ALREADY_PRESENT;;data/crops/hero/avatars_inner/2810_Screenshot_20250709-175224__L4.png;
2810_Screenshot_20250709-175224__L5.png;HW_HERO_0026;kayla__appearance_01;ALREADY_PRESENT;;data/crops/hero/avatars_inner/2810_Screenshot_20250709-175224__L5.png;
2810_Screenshot_20250709-175224__R1.png;HW_HERO_0018;iris__appearance_01;ALREADY_PRESENT;;data/crops/hero/avatars_inner/2810_Screenshot_20250709-175224__R1.png;
2810_Screenshot_20250709-175224__R2.png;HW_HERO_0038;orion__appearance_01;ALREADY_PRESENT;;data/crops/hero/avatars_inner/2810_Screenshot_20250709-175224__R2.png;
2810_Screenshot_20250709-175224__R3.png;HW_HERO_0010;dante__appearance_01;ALREADY_PRESENT;;data/crops/hero/avatars_inner/2810_Screenshot_20250709-175224__R3.png;
2810_Screenshot_20250709-175224__R4.png;HW_HERO_0049;tempus__appearance_01;ALREADY_PRESENT;;data/crops/hero/avatars_inner/2810_Screenshot_20250709-175224__R4.png;
2810_Screenshot_20250709-175224__R5.png;HW_HERO_0037;octavia__appearance_01;ALREADY_PRESENT;;data/crops/hero/avatars_inner/2810_Screenshot_20250709-175224__R5.png;
2818_Screenshot_20250709-175413__R3.png;HW_HERO_0071;kai__appearance_01;AMBIGUOUS_DIFFERENT_SOURCES;data/batches/hero_batch_001/crops_dynamic_v1/avatars_full/2818_Screenshot_20250709-175413__R3.png | data/batches/hero_batch_001/crops_dynamic_v1/avatars_inner/2818_Screenshot_20250709-175413__R3.png | data/batches/hero_batch_001/crops_dynamic_v1/names/2818_Screenshot_20250709-175413__R3.png;data/crops/hero/avatars_inner/2818_Screenshot_20250709-175413__R3.png;
2818_Screenshot_20250709-175413__R4.png;HW_HERO_0067;arachne__appearance_01;AMBIGUOUS_DIFFERENT_SOURCES;data/batches/hero_batch_001/crops_dynamic_v1/avatars_full/2818_Screenshot_20250709-175413__R4.png | data/batches/hero_batch_001/crops_dynamic_v1/avatars_inner/2818_Screenshot_20250709-175413__R4.png | data/batches/hero_batch_001/crops_dynamic_v1/names/2818_Screenshot_20250709-175413__R4.png;data/crops/hero/avatars_inner/2818_Screenshot_20250709-175413__R4.png;
2818_Screenshot_20250709-175413__R5.png;HW_HERO_0062;luther__appearance_01;AMBIGUOUS_DIFFERENT_SOURCES;data/batches/hero_batch_001/crops_dynamic_v1/avatars_full/2818_Screenshot_20250709-175413__R5.png | data/batches/hero_batch_001/crops_dynamic_v1/avatars_inner/2818_Screenshot_20250709-175413__R5.png | data/batches/hero_batch_001/crops_dynamic_v1/names/2818_Screenshot_20250709-175413__R5.png;data/crops/hero/avatars_inner/2818_Screenshot_20250709-175413__R5.png;
6110_Screenshot_2025.08.14_19.21.55.241__R1.png;HW_HERO_0023;juge__appearance_01;AMBIGUOUS_DIFFERENT_SOURCES;data/batches/hero_batch_001/crops_dynamic_v1/avatars_full/6110_Screenshot_2025.08.14_19.21.55.241__R1.png | data/batches/hero_batch_001/crops_dynamic_v1/avatars_inner/6110_Screenshot_2025.08.14_19.21.55.241__R1.png | data/batches/hero_batch_001/crops_dynamic_v1/names/6110_Screenshot_2025.08.14_19.21.55.241__R1.png;data/crops/hero/avatars_inner/6110_Screenshot_2025.08.14_19.21.55.241__R1.png;
6110_Screenshot_2025.08.14_19.21.55.241__R2.png;HW_HERO_0056;isaac__appearance_01;AMBIGUOUS_DIFFERENT_SOURCES;data/batches/hero_batch_001/crops_dynamic_v1/avatars_full/6110_Screenshot_2025.08.14_19.21.55.241__R2.png | data/batches/hero_batch_001/crops_dynamic_v1/avatars_inner/6110_Screenshot_2025.08.14_19.21.55.241__R2.png | data/batches/hero_batch_001/crops_dynamic_v1/names/6110_Screenshot_2025.08.14_19.21.55.241__R2.png;data/crops/hero/avatars_inner/6110_Screenshot_2025.08.14_19.21.55.241__R2.png;
6626_Screenshot_20250818_190245_Hero_Wars__L3.png;HW_HERO_0031;lilith__appearance_01;AMBIGUOUS_DIFFERENT_SOURCES;data/batches/hero_batch_001/crops_dynamic_v1/avatars_full/6626_Screenshot_20250818_190245_Hero_Wars__L3.png | data/batches/hero_batch_001/crops_dynamic_v1/avatars_inner/6626_Screenshot_20250818_190245_Hero_Wars__L3.png | data/batches/hero_batch_001/crops_dynamic_v1/names/6626_Screenshot_20250818_190245_Hero_Wars__L3.png;data/crops/hero/avatars_inner/6626_Screenshot_20250818_190245_Hero_Wars__L3.png;
23003_Screenshot_20260120_101255_Hero_Wars__R4.png;HW_HERO_0023;juge__appearance_01;AMBIGUOUS_DIFFERENT_SOURCES;data/batches/hero_batch_001/crops_dynamic_v1/avatars_full/23003_Screenshot_20260120_101255_Hero_Wars__R4.png | data/batches/hero_batch_001/crops_dynamic_v1/avatars_inner/23003_Screenshot_20260120_101255_Hero_Wars__R4.png | data/batches/hero_batch_001/crops_dynamic_v1/names/23003_Screenshot_20260120_101255_Hero_Wars__R4.png;data/crops/hero/avatars_inner/23003_Screenshot_20260120_101255_Hero_Wars__R4.png;
23796_Screenshot_20260202_005206_Hero_Wars__R5.png;HW_HERO_0054;amira__appearance_01;AMBIGUOUS_DIFFERENT_SOURCES;data/batches/hero_batch_001/crops_dynamic_v1/avatars_full/23796_Screenshot_20260202_005206_Hero_Wars__R5.png | data/batches/hero_batch_001/crops_dynamic_v1/avatars_inner/23796_Screenshot_20260202_005206_Hero_Wars__R5.png | data/batches/hero_batch_001/crops_dynamic_v1/names/23796_Screenshot_20260202_005206_Hero_Wars__R5.png;data/crops/hero/avatars_inner/23796_Screenshot_20260202_005206_Hero_Wars__R5.png;
24054_Screenshot_2026-02-01-02-25-51-718_com.nexters.herowars__L2.png;HW_HERO_0058;cornelius__appearance_01;AMBIGUOUS_DIFFERENT_SOURCES;data/batches/hero_batch_001/crops_dynamic_v1/avatars_full/24054_Screenshot_2026-02-01-02-25-51-718_com.nexters.herowars__L2.png | data/batches/hero_batch_001/crops_dynamic_v1/avatars_inner/24054_Screenshot_2026-02-01-02-25-51-718_com.nexters.herowars__L2.png | data/batches/hero_batch_001/crops_dynamic_v1/names/24054_Screenshot_2026-02-01-02-25-51-718_com.nexters.herowars__L2.png;data/crops/hero/avatars_inner/24054_Screenshot_2026-02-01-02-25-51-718_com.nexters.herowars__L2.png;
24109_IMG_0216__L2.png;HW_HERO_0056;isaac__appearance_01;AMBIGUOUS_DIFFERENT_SOURCES;data/batches/hero_batch_001/crops_dynamic_v1/avatars_full/24109_IMG_0216__L2.png | data/batches/hero_batch_001/crops_dynamic_v1/avatars_inner/24109_IMG_0216__L2.png | data/batches/hero_batch_001/crops_dynamic_v1/names/24109_IMG_0216__L2.png;data/crops/hero/avatars_inner/24109_IMG_0216__L2.png;
24109_IMG_0216__L4.png;HW_HERO_0023;juge__appearance_01;AMBIGUOUS_DIFFERENT_SOURCES;data/batches/hero_batch_001/crops_dynamic_v1/avatars_full/24109_IMG_0216__L4.png | data/batches/hero_batch_001/crops_dynamic_v1/avatars_inner/24109_IMG_0216__L4.png | data/batches/hero_batch_001/crops_dynamic_v1/names/24109_IMG_0216__L4.png;data/crops/hero/avatars_inner/24109_IMG_0216__L4.png;
24231_IMG_3632__L3.png;HW_HERO_0068;astrid_and_lucas__appearance_01;AMBIGUOUS_DIFFERENT_SOURCES;data/batches/hero_batch_001/crops_dynamic_v1/avatars_full/24231_IMG_3632__L3.png | data/batches/hero_batch_001/crops_dynamic_v1/avatars_inner/24231_IMG_3632__L3.png | data/batches/hero_batch_001/crops_dynamic_v1/names/24231_IMG_3632__L3.png;data/crops/hero/avatars_inner/24231_IMG_3632__L3.png;
24489_Screenshot_20260207-102123__L3.png;HW_HERO_0056;isaac__appearance_01;AMBIGUOUS_DIFFERENT_SOURCES;data/batches/hero_batch_001/crops_dynamic_v1/avatars_full/24489_Screenshot_20260207-102123__L3.png | data/batches/hero_batch_001/crops_dynamic_v1/avatars_inner/24489_Screenshot_20260207-102123__L3.png | data/batches/hero_batch_001/crops_dynamic_v1/names/24489_Screenshot_20260207-102123__L3.png;data/crops/hero/avatars_inner/24489_Screenshot_20260207-102123__L3.png;
24489_Screenshot_20260207-102123__R3.png;HW_HERO_0056;isaac__appearance_01;AMBIGUOUS_DIFFERENT_SOURCES;data/batches/hero_batch_001/crops_dynamic_v1/avatars_full/24489_Screenshot_20260207-102123__R3.png | data/batches/hero_batch_001/crops_dynamic_v1/avatars_inner/24489_Screenshot_20260207-102123__R3.png | data/batches/hero_batch_001/crops_dynamic_v1/names/24489_Screenshot_20260207-102123__R3.png;data/crops/hero/avatars_inner/24489_Screenshot_20260207-102123__R3.png;
24931_Screenshot_20260219_234620_Hero_Wars__R1.png;HW_HERO_0059;artemis__appearance_01;AMBIGUOUS_DIFFERENT_SOURCES;data/batches/hero_batch_001/crops_dynamic_v1/avatars_full/24931_Screenshot_20260219_234620_Hero_Wars__R1.png | data/batches/hero_batch_001/crops_dynamic_v1/avatars_inner/24931_Screenshot_20260219_234620_Hero_Wars__R1.png | data/batches/hero_batch_001/crops_dynamic_v1/names/24931_Screenshot_20260219_234620_Hero_Wars__R1.png;data/crops/hero/avatars_inner/24931_Screenshot_20260219_234620_Hero_Wars__R1.png;
24931_Screenshot_20260219_234620_Hero_Wars__R3.png;HW_HERO_0062;luther__appearance_01;AMBIGUOUS_DIFFERENT_SOURCES;data/batches/hero_batch_001/crops_dynamic_v1/avatars_full/24931_Screenshot_20260219_234620_Hero_Wars__R3.png | data/batches/hero_batch_001/crops_dynamic_v1/avatars_inner/24931_Screenshot_20260219_234620_Hero_Wars__R3.png | data/batches/hero_batch_001/crops_dynamic_v1/names/24931_Screenshot_20260219_234620_Hero_Wars__R3.png;data/crops/hero/avatars_inner/24931_Screenshot_20260219_234620_Hero_Wars__R3.png;
25048_Screenshot_2026-02-20-20-55-07-685_com.nexters.herowars__R4.png;HW_HERO_0021;jhu__appearance_02;AMBIGUOUS_DIFFERENT_SOURCES;data/batches/hero_batch_001/crops_dynamic_v1/avatars_full/25048_Screenshot_2026-02-20-20-55-07-685_com.nexters.herowars__R4.png | data/batches/hero_batch_001/crops_dynamic_v1/avatars_inner/25048_Screenshot_2026-02-20-20-55-07-685_com.nexters.herowars__R4.png | data/batches/hero_batch_001/crops_dynamic_v1/names/25048_Screenshot_2026-02-20-20-55-07-685_com.nexters.herowars__R4.png;data/crops/hero/avatars_inner/25048_Screenshot_2026-02-20-20-55-07-685_com.nexters.herowars__R4.png;
25278_Screenshot_20260209_191952_Hero_Wars__R1.png;HW_HERO_0058;cornelius__appearance_01;AMBIGUOUS_DIFFERENT_SOURCES;data/batches/hero_batch_001/crops_dynamic_v1/avatars_full/25278_Screenshot_20260209_191952_Hero_Wars__R1.png | data/batches/hero_batch_001/crops_dynamic_v1/avatars_inner/25278_Screenshot_20260209_191952_Hero_Wars__R1.png | data/batches/hero_batch_001/crops_dynamic_v1/names/25278_Screenshot_20260209_191952_Hero_Wars__R1.png;data/crops/hero/avatars_inner/25278_Screenshot_20260209_191952_Hero_Wars__R1.png;
25450_Screenshot_20260220_190543_Hero_Wars__L2.png;HW_HERO_0056;isaac__appearance_01;AMBIGUOUS_DIFFERENT_SOURCES;data/batches/hero_batch_001/crops_dynamic_v1/avatars_full/25450_Screenshot_20260220_190543_Hero_Wars__L2.png | data/batches/hero_batch_001/crops_dynamic_v1/avatars_inner/25450_Screenshot_20260220_190543_Hero_Wars__L2.png | data/batches/hero_batch_001/crops_dynamic_v1/names/25450_Screenshot_20260220_190543_Hero_Wars__L2.png;data/crops/hero/avatars_inner/25450_Screenshot_20260220_190543_Hero_Wars__L2.png;
25470_IMG_3791__L2.png;HW_HERO_0061;lara_croft__appearance_01;AMBIGUOUS_DIFFERENT_SOURCES;data/batches/hero_batch_001/crops_dynamic_v1/avatars_full/25470_IMG_3791__L2.png | data/batches/hero_batch_001/crops_dynamic_v1/avatars_inner/25470_IMG_3791__L2.png | data/batches/hero_batch_001/crops_dynamic_v1/names/25470_IMG_3791__L2.png;data/crops/hero/avatars_inner/25470_IMG_3791__L2.png;
25470_IMG_3791__L4.png;HW_HERO_0023;juge__appearance_01;AMBIGUOUS_DIFFERENT_SOURCES;data/batches/hero_batch_001/crops_dynamic_v1/avatars_full/25470_IMG_3791__L4.png | data/batches/hero_batch_001/crops_dynamic_v1/avatars_inner/25470_IMG_3791__L4.png | data/batches/hero_batch_001/crops_dynamic_v1/names/25470_IMG_3791__L4.png;data/crops/hero/avatars_inner/25470_IMG_3791__L4.png;
25470_IMG_3791__R1.png;HW_HERO_0057;drayne__appearance_01;AMBIGUOUS_DIFFERENT_SOURCES;data/batches/hero_batch_001/crops_dynamic_v1/avatars_full/25470_IMG_3791__R1.png | data/batches/hero_batch_001/crops_dynamic_v1/avatars_inner/25470_IMG_3791__R1.png | data/batches/hero_batch_001/crops_dynamic_v1/names/25470_IMG_3791__R1.png;data/crops/hero/avatars_inner/25470_IMG_3791__R1.png;
25507_Screenshot_20260225_152852_Hero_Wars__L1.png;HW_HERO_0056;isaac__appearance_01;AMBIGUOUS_DIFFERENT_SOURCES;data/batches/hero_batch_001/crops_dynamic_v1/avatars_full/25507_Screenshot_20260225_152852_Hero_Wars__L1.png | data/batches/hero_batch_001/crops_dynamic_v1/avatars_inner/25507_Screenshot_20260225_152852_Hero_Wars__L1.png | data/batches/hero_batch_001/crops_dynamic_v1/names/25507_Screenshot_20260225_152852_Hero_Wars__L1.png;data/crops/hero/avatars_inner/25507_Screenshot_20260225_152852_Hero_Wars__L1.png;
25507_Screenshot_20260225_152852_Hero_Wars__R5.png;HW_HERO_0054;amira__appearance_01;AMBIGUOUS_DIFFERENT_SOURCES;data/batches/hero_batch_001/crops_dynamic_v1/avatars_full/25507_Screenshot_20260225_152852_Hero_Wars__R5.png | data/batches/hero_batch_001/crops_dynamic_v1/avatars_inner/25507_Screenshot_20260225_152852_Hero_Wars__R5.png | data/batches/hero_batch_001/crops_dynamic_v1/names/25507_Screenshot_20260225_152852_Hero_Wars__R5.png;data/crops/hero/avatars_inner/25507_Screenshot_20260225_152852_Hero_Wars__R5.png;
26186_Screenshot_20260202_095838_Hero_Wars__R1.png;HW_HERO_0066;faceless__appearance_01;AMBIGUOUS_DIFFERENT_SOURCES;data/batches/hero_batch_001/crops_dynamic_v1/avatars_full/26186_Screenshot_20260202_095838_Hero_Wars__R1.png | data/batches/hero_batch_001/crops_dynamic_v1/avatars_inner/26186_Screenshot_20260202_095838_Hero_Wars__R1.png | data/batches/hero_batch_001/crops_dynamic_v1/names/26186_Screenshot_20260202_095838_Hero_Wars__R1.png;data/crops/hero/avatars_inner/26186_Screenshot_20260202_095838_Hero_Wars__R1.png;
26315_Screenshot_2026-02-28-00-11-23-143_com.nexters.herowars__L2.png;HW_HERO_0058;cornelius__appearance_01;AMBIGUOUS_DIFFERENT_SOURCES;data/batches/hero_batch_001/crops_dynamic_v1/avatars_full/26315_Screenshot_2026-02-28-00-11-23-143_com.nexters.herowars__L2.png | data/batches/hero_batch_001/crops_dynamic_v1/avatars_inner/26315_Screenshot_2026-02-28-00-11-23-143_com.nexters.herowars__L2.png | data/batches/hero_batch_001/crops_dynamic_v1/names/26315_Screenshot_2026-02-28-00-11-23-143_com.nexters.herowars__L2.png;data/crops/hero/avatars_inner/26315_Screenshot_2026-02-28-00-11-23-143_com.nexters.herowars__L2.png;
26360_Screenshot_20260213-072648__R2.png;HW_HERO_0073;lars__appearance_01;AMBIGUOUS_DIFFERENT_SOURCES;data/batches/hero_batch_001/crops_dynamic_v1/avatars_full/26360_Screenshot_20260213-072648__R2.png | data/batches/hero_batch_001/crops_dynamic_v1/avatars_inner/26360_Screenshot_20260213-072648__R2.png | data/batches/hero_batch_001/crops_dynamic_v1/names/26360_Screenshot_20260213-072648__R2.png;data/crops/hero/avatars_inner/26360_Screenshot_20260213-072648__R2.png;
26360_Screenshot_20260213-072648__R4.png;HW_HERO_0072;krista__appearance_01;AMBIGUOUS_DIFFERENT_SOURCES;data/batches/hero_batch_001/crops_dynamic_v1/avatars_full/26360_Screenshot_20260213-072648__R4.png | data/batches/hero_batch_001/crops_dynamic_v1/avatars_inner/26360_Screenshot_20260213-072648__R4.png | data/batches/hero_batch_001/crops_dynamic_v1/names/26360_Screenshot_20260213-072648__R4.png;data/crops/hero/avatars_inner/26360_Screenshot_20260213-072648__R4.png;
26876_Screenshot_20260305_235000_Hero_Wars__L3.png;HW_HERO_0063;alvanor__appearance_01;AMBIGUOUS_DIFFERENT_SOURCES;data/batches/hero_batch_001/crops_dynamic_v1/avatars_full/26876_Screenshot_20260305_235000_Hero_Wars__L3.png | data/batches/hero_batch_001/crops_dynamic_v1/avatars_inner/26876_Screenshot_20260305_235000_Hero_Wars__L3.png | data/batches/hero_batch_001/crops_dynamic_v1/names/26876_Screenshot_20260305_235000_Hero_Wars__L3.png;data/crops/hero/avatars_inner/26876_Screenshot_20260305_235000_Hero_Wars__L3.png;
27024_Screenshot_20260308_124143_Hero_Wars__L5.png;HW_HERO_0023;juge__appearance_01;AMBIGUOUS_DIFFERENT_SOURCES;data/batches/hero_batch_001/crops_dynamic_v1/avatars_full/27024_Screenshot_20260308_124143_Hero_Wars__L5.png | data/batches/hero_batch_001/crops_dynamic_v1/avatars_inner/27024_Screenshot_20260308_124143_Hero_Wars__L5.png | data/batches/hero_batch_001/crops_dynamic_v1/names/27024_Screenshot_20260308_124143_Hero_Wars__L5.png;data/crops/hero/avatars_inner/27024_Screenshot_20260308_124143_Hero_Wars__L5.png;
27024_Screenshot_20260308_124143_Hero_Wars__R4.png;HW_HERO_0015;galaad__appearance_01;AMBIGUOUS_DIFFERENT_SOURCES;data/batches/hero_batch_001/crops_dynamic_v1/avatars_full/27024_Screenshot_20260308_124143_Hero_Wars__R4.png | data/batches/hero_batch_001/crops_dynamic_v1/avatars_inner/27024_Screenshot_20260308_124143_Hero_Wars__R4.png | data/batches/hero_batch_001/crops_dynamic_v1/names/27024_Screenshot_20260308_124143_Hero_Wars__R4.png;data/crops/hero/avatars_inner/27024_Screenshot_20260308_124143_Hero_Wars__R4.png;
27337_Screenshot_20260309_020952_Hero_Wars__L2.png;HW_HERO_0064;helios__appearance_01;AMBIGUOUS_DIFFERENT_SOURCES;data/batches/hero_batch_001/crops_dynamic_v1/avatars_full/27337_Screenshot_20260309_020952_Hero_Wars__L2.png | data/batches/hero_batch_001/crops_dynamic_v1/avatars_inner/27337_Screenshot_20260309_020952_Hero_Wars__L2.png | data/batches/hero_batch_001/crops_dynamic_v1/names/27337_Screenshot_20260309_020952_Hero_Wars__L2.png;data/crops/hero/avatars_inner/27337_Screenshot_20260309_020952_Hero_Wars__L2.png;
27591_Screenshot_20260316_212051_Hero_Wars__L5.png;HW_HERO_0041;phobos__appearance_02;AMBIGUOUS_DIFFERENT_SOURCES;data/batches/hero_batch_001/crops_dynamic_v1/avatars_full/27591_Screenshot_20260316_212051_Hero_Wars__L5.png | data/batches/hero_batch_001/crops_dynamic_v1/avatars_inner/27591_Screenshot_20260316_212051_Hero_Wars__L5.png | data/batches/hero_batch_001/crops_dynamic_v1/names/27591_Screenshot_20260316_212051_Hero_Wars__L5.png;data/crops/hero/avatars_inner/27591_Screenshot_20260316_212051_Hero_Wars__L5.png;
27682_IMG_0872__R1.png;HW_HERO_0059;artemis__appearance_01;AMBIGUOUS_DIFFERENT_SOURCES;data/batches/hero_batch_001/crops_dynamic_v1/avatars_full/27682_IMG_0872__R1.png | data/batches/hero_batch_001/crops_dynamic_v1/avatars_inner/27682_IMG_0872__R1.png | data/batches/hero_batch_001/crops_dynamic_v1/names/27682_IMG_0872__R1.png;data/crops/hero/avatars_inner/27682_IMG_0872__R1.png;
27763_IMG_4114__L3.png;HW_HERO_0068;astrid_and_lucas__appearance_01;AMBIGUOUS_DIFFERENT_SOURCES;data/batches/hero_batch_001/crops_dynamic_v1/avatars_full/27763_IMG_4114__L3.png | data/batches/hero_batch_001/crops_dynamic_v1/avatars_inner/27763_IMG_4114__L3.png | data/batches/hero_batch_001/crops_dynamic_v1/names/27763_IMG_4114__L3.png;data/crops/hero/avatars_inner/27763_IMG_4114__L3.png;
27763_IMG_4114__R3.png;HW_HERO_0060;cleaver__appearance_01;AMBIGUOUS_DIFFERENT_SOURCES;data/batches/hero_batch_001/crops_dynamic_v1/avatars_full/27763_IMG_4114__R3.png | data/batches/hero_batch_001/crops_dynamic_v1/avatars_inner/27763_IMG_4114__R3.png | data/batches/hero_batch_001/crops_dynamic_v1/names/27763_IMG_4114__R3.png;data/crops/hero/avatars_inner/27763_IMG_4114__R3.png;
28019_Screenshot_20260318-061104__L3.png;HW_HERO_0056;isaac__appearance_01;AMBIGUOUS_DIFFERENT_SOURCES;data/batches/hero_batch_001/crops_dynamic_v1/avatars_full/28019_Screenshot_20260318-061104__L3.png | data/batches/hero_batch_001/crops_dynamic_v1/avatars_inner/28019_Screenshot_20260318-061104__L3.png | data/batches/hero_batch_001/crops_dynamic_v1/names/28019_Screenshot_20260318-061104__L3.png;data/crops/hero/avatars_inner/28019_Screenshot_20260318-061104__L3.png;
28116_IMG_4138__L5.png;HW_HERO_0063;alvanor__appearance_01;AMBIGUOUS_DIFFERENT_SOURCES;data/batches/hero_batch_001/crops_dynamic_v1/avatars_full/28116_IMG_4138__L5.png | data/batches/hero_batch_001/crops_dynamic_v1/avatars_inner/28116_IMG_4138__L5.png | data/batches/hero_batch_001/crops_dynamic_v1/names/28116_IMG_4138__L5.png;data/crops/hero/avatars_inner/28116_IMG_4138__L5.png;
28116_IMG_4138__R3.png;HW_HERO_0056;isaac__appearance_01;AMBIGUOUS_DIFFERENT_SOURCES;data/batches/hero_batch_001/crops_dynamic_v1/avatars_full/28116_IMG_4138__R3.png | data/batches/hero_batch_001/crops_dynamic_v1/avatars_inner/28116_IMG_4138__R3.png | data/batches/hero_batch_001/crops_dynamic_v1/names/28116_IMG_4138__R3.png;data/crops/hero/avatars_inner/28116_IMG_4138__R3.png;
28116_IMG_4138__R4.png;HW_HERO_0059;artemis__appearance_01;AMBIGUOUS_DIFFERENT_SOURCES;data/batches/hero_batch_001/crops_dynamic_v1/avatars_full/28116_IMG_4138__R4.png | data/batches/hero_batch_001/crops_dynamic_v1/avatars_inner/28116_IMG_4138__R4.png | data/batches/hero_batch_001/crops_dynamic_v1/names/28116_IMG_4138__R4.png;data/crops/hero/avatars_inner/28116_IMG_4138__R4.png;
28134_IMG_0993__L5.png;HW_HERO_0054;amira__appearance_01;AMBIGUOUS_DIFFERENT_SOURCES;data/batches/hero_batch_001/crops_dynamic_v1/avatars_full/28134_IMG_0993__L5.png | data/batches/hero_batch_001/crops_dynamic_v1/avatars_inner/28134_IMG_0993__L5.png | data/batches/hero_batch_001/crops_dynamic_v1/names/28134_IMG_0993__L5.png;data/crops/hero/avatars_inner/28134_IMG_0993__L5.png;
28207_Screenshot_20260322_235622_Hero_Wars__R2.png;HW_HERO_0067;arachne__appearance_02;AMBIGUOUS_DIFFERENT_SOURCES;data/batches/hero_batch_001/crops_dynamic_v1/avatars_full/28207_Screenshot_20260322_235622_Hero_Wars__R2.png | data/batches/hero_batch_001/crops_dynamic_v1/avatars_inner/28207_Screenshot_20260322_235622_Hero_Wars__R2.png | data/batches/hero_batch_001/crops_dynamic_v1/names/28207_Screenshot_20260322_235622_Hero_Wars__R2.png;data/crops/hero/avatars_inner/28207_Screenshot_20260322_235622_Hero_Wars__R2.png;
28434_Screenshot_20260326_192112_Hero_Wars__L4.png;HW_HERO_0054;amira__appearance_01;AMBIGUOUS_DIFFERENT_SOURCES;data/batches/hero_batch_001/crops_dynamic_v1/avatars_full/28434_Screenshot_20260326_192112_Hero_Wars__L4.png | data/batches/hero_batch_001/crops_dynamic_v1/avatars_inner/28434_Screenshot_20260326_192112_Hero_Wars__L4.png | data/batches/hero_batch_001/crops_dynamic_v1/names/28434_Screenshot_20260326_192112_Hero_Wars__L4.png;data/crops/hero/avatars_inner/28434_Screenshot_20260326_192112_Hero_Wars__L4.png;
28473_Screenshot_20260331_142923_Hero_Wars__R2.png;HW_HERO_0056;isaac__appearance_01;AMBIGUOUS_DIFFERENT_SOURCES;data/batches/hero_batch_001/crops_dynamic_v1/avatars_full/28473_Screenshot_20260331_142923_Hero_Wars__R2.png | data/batches/hero_batch_001/crops_dynamic_v1/avatars_inner/28473_Screenshot_20260331_142923_Hero_Wars__R2.png | data/batches/hero_batch_001/crops_dynamic_v1/names/28473_Screenshot_20260331_142923_Hero_Wars__R2.png;data/crops/hero/avatars_inner/28473_Screenshot_20260331_142923_Hero_Wars__R2.png;
29109_Screenshot_2026-03-31-17-47-40-093_com.nexters.herowars__L1.png;HW_HERO_0070;heidi__appearance_01;AMBIGUOUS_DIFFERENT_SOURCES;data/batches/hero_batch_001/crops_dynamic_v1/avatars_full/29109_Screenshot_2026-03-31-17-47-40-093_com.nexters.herowars__L1.png | data/batches/hero_batch_001/crops_dynamic_v1/avatars_inner/29109_Screenshot_2026-03-31-17-47-40-093_com.nexters.herowars__L1.png | data/batches/hero_batch_001/crops_dynamic_v1/names/29109_Screenshot_2026-03-31-17-47-40-093_com.nexters.herowars__L1.png;data/crops/hero/avatars_inner/29109_Screenshot_2026-03-31-17-47-40-093_com.nexters.herowars__L1.png;
29109_Screenshot_2026-03-31-17-47-40-093_com.nexters.herowars__R4.png;HW_HERO_0055;morrigan__appearance_01;AMBIGUOUS_DIFFERENT_SOURCES;data/batches/hero_batch_001/crops_dynamic_v1/avatars_full/29109_Screenshot_2026-03-31-17-47-40-093_com.nexters.herowars__R4.png | data/batches/hero_batch_001/crops_dynamic_v1/avatars_inner/29109_Screenshot_2026-03-31-17-47-40-093_com.nexters.herowars__R4.png | data/batches/hero_batch_001/crops_dynamic_v1/names/29109_Screenshot_2026-03-31-17-47-40-093_com.nexters.herowars__R4.png;data/crops/hero/avatars_inner/29109_Screenshot_2026-03-31-17-47-40-093_com.nexters.herowars__R4.png;
29255_IMG_6294__R1.png;HW_HERO_0056;isaac__appearance_01;AMBIGUOUS_DIFFERENT_SOURCES;data/batches/hero_batch_001/crops_dynamic_v1/avatars_full/29255_IMG_6294__R1.png | data/batches/hero_batch_001/crops_dynamic_v1/avatars_inner/29255_IMG_6294__R1.png | data/batches/hero_batch_001/crops_dynamic_v1/names/29255_IMG_6294__R1.png;data/crops/hero/avatars_inner/29255_IMG_6294__R1.png;
29255_IMG_6294__R5.png;HW_HERO_0068;astrid_and_lucas__appearance_01;AMBIGUOUS_DIFFERENT_SOURCES;data/batches/hero_batch_001/crops_dynamic_v1/avatars_full/29255_IMG_6294__R5.png | data/batches/hero_batch_001/crops_dynamic_v1/avatars_inner/29255_IMG_6294__R5.png | data/batches/hero_batch_001/crops_dynamic_v1/names/29255_IMG_6294__R5.png;data/crops/hero/avatars_inner/29255_IMG_6294__R5.png;
29768_IMG_2174__R3.png;HW_HERO_0064;helios__appearance_01;AMBIGUOUS_DIFFERENT_SOURCES;data/batches/hero_batch_001/crops_dynamic_v1/avatars_full/29768_IMG_2174__R3.png | data/batches/hero_batch_001/crops_dynamic_v1/avatars_inner/29768_IMG_2174__R3.png | data/batches/hero_batch_001/crops_dynamic_v1/names/29768_IMG_2174__R3.png;data/crops/hero/avatars_inner/29768_IMG_2174__R3.png;
29768_IMG_2174__R4.png;HW_HERO_0066;faceless__appearance_01;AMBIGUOUS_DIFFERENT_SOURCES;data/batches/hero_batch_001/crops_dynamic_v1/avatars_full/29768_IMG_2174__R4.png | data/batches/hero_batch_001/crops_dynamic_v1/avatars_inner/29768_IMG_2174__R4.png | data/batches/hero_batch_001/crops_dynamic_v1/names/29768_IMG_2174__R4.png;data/crops/hero/avatars_inner/29768_IMG_2174__R4.png;
29938_Screenshot_20260406_103711_Hero_Wars__L3.png;HW_HERO_0062;luther__appearance_01;AMBIGUOUS_DIFFERENT_SOURCES;data/batches/hero_batch_001/crops_dynamic_v1/avatars_full/29938_Screenshot_20260406_103711_Hero_Wars__L3.png | data/batches/hero_batch_001/crops_dynamic_v1/avatars_inner/29938_Screenshot_20260406_103711_Hero_Wars__L3.png | data/batches/hero_batch_001/crops_dynamic_v1/names/29938_Screenshot_20260406_103711_Hero_Wars__L3.png;data/crops/hero/avatars_inner/29938_Screenshot_20260406_103711_Hero_Wars__L3.png;
30350_Screenshot_20260402_175211_Hero_Wars__L5.png;HW_HERO_0055;morrigan__appearance_01;AMBIGUOUS_DIFFERENT_SOURCES;data/batches/hero_batch_001/crops_dynamic_v1/avatars_full/30350_Screenshot_20260402_175211_Hero_Wars__L5.png | data/batches/hero_batch_001/crops_dynamic_v1/avatars_inner/30350_Screenshot_20260402_175211_Hero_Wars__L5.png | data/batches/hero_batch_001/crops_dynamic_v1/names/30350_Screenshot_20260402_175211_Hero_Wars__L5.png;data/crops/hero/avatars_inner/30350_Screenshot_20260402_175211_Hero_Wars__L5.png;
30350_Screenshot_20260402_175211_Hero_Wars__R1.png;HW_HERO_0069;aurore__appearance_01;AMBIGUOUS_DIFFERENT_SOURCES;data/batches/hero_batch_001/crops_dynamic_v1/avatars_full/30350_Screenshot_20260402_175211_Hero_Wars__R1.png | data/batches/hero_batch_001/crops_dynamic_v1/avatars_inner/30350_Screenshot_20260402_175211_Hero_Wars__R1.png | data/batches/hero_batch_001/crops_dynamic_v1/names/30350_Screenshot_20260402_175211_Hero_Wars__R1.png;data/crops/hero/avatars_inner/30350_Screenshot_20260402_175211_Hero_Wars__R1.png;
30350_Screenshot_20260402_175211_Hero_Wars__R4.png;HW_HERO_0055;morrigan__appearance_01;AMBIGUOUS_DIFFERENT_SOURCES;data/batches/hero_batch_001/crops_dynamic_v1/avatars_full/30350_Screenshot_20260402_175211_Hero_Wars__R4.png | data/batches/hero_batch_001/crops_dynamic_v1/avatars_inner/30350_Screenshot_20260402_175211_Hero_Wars__R4.png | data/batches/hero_batch_001/crops_dynamic_v1/names/30350_Screenshot_20260402_175211_Hero_Wars__R4.png;data/crops/hero/avatars_inner/30350_Screenshot_20260402_175211_Hero_Wars__R4.png;
30350_Screenshot_20260402_175211_Hero_Wars__R5.png;HW_HERO_0074;thea__appearance_01;AMBIGUOUS_DIFFERENT_SOURCES;data/batches/hero_batch_001/crops_dynamic_v1/avatars_full/30350_Screenshot_20260402_175211_Hero_Wars__R5.png | data/batches/hero_batch_001/crops_dynamic_v1/avatars_inner/30350_Screenshot_20260402_175211_Hero_Wars__R5.png | data/batches/hero_batch_001/crops_dynamic_v1/names/30350_Screenshot_20260402_175211_Hero_Wars__R5.png;data/crops/hero/avatars_inner/30350_Screenshot_20260402_175211_Hero_Wars__R5.png;
30628_Screenshot_20260408-071912__L2.png;HW_HERO_0056;isaac__appearance_01;AMBIGUOUS_DIFFERENT_SOURCES;data/batches/hero_batch_001/crops_dynamic_v1/avatars_full/30628_Screenshot_20260408-071912__L2.png | data/batches/hero_batch_001/crops_dynamic_v1/avatars_inner/30628_Screenshot_20260408-071912__L2.png | data/batches/hero_batch_001/crops_dynamic_v1/names/30628_Screenshot_20260408-071912__L2.png;data/crops/hero/avatars_inner/30628_Screenshot_20260408-071912__L2.png;
30628_Screenshot_20260408-071912__R3.png;HW_HERO_0056;isaac__appearance_01;AMBIGUOUS_DIFFERENT_SOURCES;data/batches/hero_batch_001/crops_dynamic_v1/avatars_full/30628_Screenshot_20260408-071912__R3.png | data/batches/hero_batch_001/crops_dynamic_v1/avatars_inner/30628_Screenshot_20260408-071912__R3.png | data/batches/hero_batch_001/crops_dynamic_v1/names/30628_Screenshot_20260408-071912__R3.png;data/crops/hero/avatars_inner/30628_Screenshot_20260408-071912__R3.png;
30662_Screenshot_20260415_165146_Hero_Wars__R2.png;HW_HERO_0021;jhu__appearance_02;AMBIGUOUS_DIFFERENT_SOURCES;data/batches/hero_batch_001/crops_dynamic_v1/avatars_full/30662_Screenshot_20260415_165146_Hero_Wars__R2.png | data/batches/hero_batch_001/crops_dynamic_v1/avatars_inner/30662_Screenshot_20260415_165146_Hero_Wars__R2.png | data/batches/hero_batch_001/crops_dynamic_v1/names/30662_Screenshot_20260415_165146_Hero_Wars__R2.png;data/crops/hero/avatars_inner/30662_Screenshot_20260415_165146_Hero_Wars__R2.png;
30777_Screenshot_20260416-001522__L1.png;HW_HERO_0057;drayne__appearance_01;AMBIGUOUS_DIFFERENT_SOURCES;data/batches/hero_batch_001/crops_dynamic_v1/avatars_full/30777_Screenshot_20260416-001522__L1.png | data/batches/hero_batch_001/crops_dynamic_v1/avatars_inner/30777_Screenshot_20260416-001522__L1.png | data/batches/hero_batch_001/crops_dynamic_v1/names/30777_Screenshot_20260416-001522__L1.png;data/crops/hero/avatars_inner/30777_Screenshot_20260416-001522__L1.png;
30777_Screenshot_20260416-001522__R3.png;HW_HERO_0054;amira__appearance_01;AMBIGUOUS_DIFFERENT_SOURCES;data/batches/hero_batch_001/crops_dynamic_v1/avatars_full/30777_Screenshot_20260416-001522__R3.png | data/batches/hero_batch_001/crops_dynamic_v1/avatars_inner/30777_Screenshot_20260416-001522__R3.png | data/batches/hero_batch_001/crops_dynamic_v1/names/30777_Screenshot_20260416-001522__R3.png;data/crops/hero/avatars_inner/30777_Screenshot_20260416-001522__R3.png;
30832_Screenshot_20260417_170710_com_nexters_herowars_MessagingUnityPlayerActivity__R3.png;HW_HERO_0068;astrid_and_lucas__appearance_01;AMBIGUOUS_DIFFERENT_SOURCES;data/batches/hero_batch_001/crops_dynamic_v1/avatars_full/30832_Screenshot_20260417_170710_com_nexters_herowars_MessagingUnityPlayerActivity__R3.png | data/batches/hero_batch_001/crops_dynamic_v1/avatars_inner/30832_Screenshot_20260417_170710_com_nexters_herowars_MessagingUnityPlayerActivity__R3.png | data/batches/hero_batch_001/crops_dynamic_v1/names/30832_Screenshot_20260417_170710_com_nexters_herowars_MessagingUnityPlayerActivity__R3.png;data/crops/hero/avatars_inner/30832_Screenshot_20260417_170710_com_nexters_herowars_MessagingUnityPlayerActivity__R3.png;
31071_Screenshot_2026-04-20-21-53-46-223_com.nexters.herowars__R1.png;HW_HERO_0057;drayne__appearance_01;AMBIGUOUS_DIFFERENT_SOURCES;data/batches/hero_batch_001/crops_dynamic_v1/avatars_full/31071_Screenshot_2026-04-20-21-53-46-223_com.nexters.herowars__R1.png | data/batches/hero_batch_001/crops_dynamic_v1/avatars_inner/31071_Screenshot_2026-04-20-21-53-46-223_com.nexters.herowars__R1.png | data/batches/hero_batch_001/crops_dynamic_v1/names/31071_Screenshot_2026-04-20-21-53-46-223_com.nexters.herowars__R1.png;data/crops/hero/avatars_inner/31071_Screenshot_2026-04-20-21-53-46-223_com.nexters.herowars__R1.png;
31318_Screenshot_2026-04-26-12-52-45-89_b7069e849b44f49c61683e78ed778d97__L5.png;HW_HERO_0054;amira__appearance_01;AMBIGUOUS_DIFFERENT_SOURCES;data/batches/hero_batch_001/crops_dynamic_v1/avatars_full/31318_Screenshot_2026-04-26-12-52-45-89_b7069e849b44f49c61683e78ed778d97__L5.png | data/batches/hero_batch_001/crops_dynamic_v1/avatars_inner/31318_Screenshot_2026-04-26-12-52-45-89_b7069e849b44f49c61683e78ed778d97__L5.png | data/batches/hero_batch_001/crops_dynamic_v1/names/31318_Screenshot_2026-04-26-12-52-45-89_b7069e849b44f49c61683e78ed778d97__L5.png;data/crops/hero/avatars_inner/31318_Screenshot_2026-04-26-12-52-45-89_b7069e849b44f49c61683e78ed778d97__L5.png;
31318_Screenshot_2026-04-26-12-52-45-89_b7069e849b44f49c61683e78ed778d97__R1.png;HW_HERO_0066;faceless__appearance_01;AMBIGUOUS_DIFFERENT_SOURCES;data/batches/hero_batch_001/crops_dynamic_v1/avatars_full/31318_Screenshot_2026-04-26-12-52-45-89_b7069e849b44f49c61683e78ed778d97__R1.png | data/batches/hero_batch_001/crops_dynamic_v1/avatars_inner/31318_Screenshot_2026-04-26-12-52-45-89_b7069e849b44f49c61683e78ed778d97__R1.png | data/batches/hero_batch_001/crops_dynamic_v1/names/31318_Screenshot_2026-04-26-12-52-45-89_b7069e849b44f49c61683e78ed778d97__R1.png;data/crops/hero/avatars_inner/31318_Screenshot_2026-04-26-12-52-45-89_b7069e849b44f49c61683e78ed778d97__R1.png;
31318_Screenshot_2026-04-26-12-52-45-89_b7069e849b44f49c61683e78ed778d97__R2.png;HW_HERO_0041;phobos__appearance_02;AMBIGUOUS_DIFFERENT_SOURCES;data/batches/hero_batch_001/crops_dynamic_v1/avatars_full/31318_Screenshot_2026-04-26-12-52-45-89_b7069e849b44f49c61683e78ed778d97__R2.png | data/batches/hero_batch_001/crops_dynamic_v1/avatars_inner/31318_Screenshot_2026-04-26-12-52-45-89_b7069e849b44f49c61683e78ed778d97__R2.png | data/batches/hero_batch_001/crops_dynamic_v1/names/31318_Screenshot_2026-04-26-12-52-45-89_b7069e849b44f49c61683e78ed778d97__R2.png;data/crops/hero/avatars_inner/31318_Screenshot_2026-04-26-12-52-45-89_b7069e849b44f49c61683e78ed778d97__R2.png;
31318_Screenshot_2026-04-26-12-52-45-89_b7069e849b44f49c61683e78ed778d97__R3.png;HW_HERO_0060;cleaver__appearance_01;AMBIGUOUS_DIFFERENT_SOURCES;data/batches/hero_batch_001/crops_dynamic_v1/avatars_full/31318_Screenshot_2026-04-26-12-52-45-89_b7069e849b44f49c61683e78ed778d97__R3.png | data/batches/hero_batch_001/crops_dynamic_v1/avatars_inner/31318_Screenshot_2026-04-26-12-52-45-89_b7069e849b44f49c61683e78ed778d97__R3.png | data/batches/hero_batch_001/crops_dynamic_v1/names/31318_Screenshot_2026-04-26-12-52-45-89_b7069e849b44f49c61683e78ed778d97__R3.png;data/crops/hero/avatars_inner/31318_Screenshot_2026-04-26-12-52-45-89_b7069e849b44f49c61683e78ed778d97__R3.png;
32240_Screenshot_20260413_000732_Hero_Wars__R1.png;HW_HERO_0061;lara_croft__appearance_01;AMBIGUOUS_DIFFERENT_SOURCES;data/batches/hero_batch_001/crops_dynamic_v1/avatars_full/32240_Screenshot_20260413_000732_Hero_Wars__R1.png | data/batches/hero_batch_001/crops_dynamic_v1/avatars_inner/32240_Screenshot_20260413_000732_Hero_Wars__R1.png | data/batches/hero_batch_001/crops_dynamic_v1/names/32240_Screenshot_20260413_000732_Hero_Wars__R1.png;data/crops/hero/avatars_inner/32240_Screenshot_20260413_000732_Hero_Wars__R1.png;
32626_Screenshot_20260501-151301__R5.png;HW_HERO_0055;morrigan__appearance_01;AMBIGUOUS_DIFFERENT_SOURCES;data/batches/hero_batch_001/crops_dynamic_v1/avatars_full/32626_Screenshot_20260501-151301__R5.png | data/batches/hero_batch_001/crops_dynamic_v1/avatars_inner/32626_Screenshot_20260501-151301__R5.png | data/batches/hero_batch_001/crops_dynamic_v1/names/32626_Screenshot_20260501-151301__R5.png;data/crops/hero/avatars_inner/32626_Screenshot_20260501-151301__R5.png;
33018_Screenshot_20260503_010810_Hero_Wars__L1.png;HW_HERO_0056;isaac__appearance_01;AMBIGUOUS_DIFFERENT_SOURCES;data/batches/hero_batch_001/crops_dynamic_v1/avatars_full/33018_Screenshot_20260503_010810_Hero_Wars__L1.png | data/batches/hero_batch_001/crops_dynamic_v1/avatars_inner/33018_Screenshot_20260503_010810_Hero_Wars__L1.png | data/batches/hero_batch_001/crops_dynamic_v1/names/33018_Screenshot_20260503_010810_Hero_Wars__L1.png;data/crops/hero/avatars_inner/33018_Screenshot_20260503_010810_Hero_Wars__L1.png;
33018_Screenshot_20260503_010810_Hero_Wars__R4.png;HW_HERO_0054;amira__appearance_01;AMBIGUOUS_DIFFERENT_SOURCES;data/batches/hero_batch_001/crops_dynamic_v1/avatars_full/33018_Screenshot_20260503_010810_Hero_Wars__R4.png | data/batches/hero_batch_001/crops_dynamic_v1/avatars_inner/33018_Screenshot_20260503_010810_Hero_Wars__R4.png | data/batches/hero_batch_001/crops_dynamic_v1/names/33018_Screenshot_20260503_010810_Hero_Wars__R4.png;data/crops/hero/avatars_inner/33018_Screenshot_20260503_010810_Hero_Wars__R4.png;
33468_IMG_4582__L1.png;HW_HERO_0007;champi_et_gnon__appearance_01;AMBIGUOUS_DIFFERENT_SOURCES;data/batches/hero_batch_001/crops_dynamic_v1/avatars_full/33468_IMG_4582__L1.png | data/batches/hero_batch_001/crops_dynamic_v1/avatars_inner/33468_IMG_4582__L1.png | data/batches/hero_batch_001/crops_dynamic_v1/names/33468_IMG_4582__L1.png;data/crops/hero/avatars_inner/33468_IMG_4582__L1.png;
33680_Screenshot_20260519_145831_com_nexters_herowars_MessagingUnityPlayerActivity__L4.png;HW_HERO_0063;alvanor__appearance_01;AMBIGUOUS_DIFFERENT_SOURCES;data/batches/hero_batch_001/crops_dynamic_v1/avatars_full/33680_Screenshot_20260519_145831_com_nexters_herowars_MessagingUnityPlayerActivity__L4.png | data/batches/hero_batch_001/crops_dynamic_v1/avatars_inner/33680_Screenshot_20260519_145831_com_nexters_herowars_MessagingUnityPlayerActivity__L4.png | data/batches/hero_batch_001/crops_dynamic_v1/names/33680_Screenshot_20260519_145831_com_nexters_herowars_MessagingUnityPlayerActivity__L4.png;data/crops/hero/avatars_inner/33680_Screenshot_20260519_145831_com_nexters_herowars_MessagingUnityPlayerActivity__L4.png;
33728_Screenshot_20260521_072748_Hero_Wars__L3.png;HW_HERO_0055;morrigan__appearance_01;AMBIGUOUS_DIFFERENT_SOURCES;data/batches/hero_batch_001/crops_dynamic_v1/avatars_full/33728_Screenshot_20260521_072748_Hero_Wars__L3.png | data/batches/hero_batch_001/crops_dynamic_v1/avatars_inner/33728_Screenshot_20260521_072748_Hero_Wars__L3.png | data/batches/hero_batch_001/crops_dynamic_v1/names/33728_Screenshot_20260521_072748_Hero_Wars__L3.png;data/crops/hero/avatars_inner/33728_Screenshot_20260521_072748_Hero_Wars__L3.png;
33728_Screenshot_20260521_072748_Hero_Wars__R3.png;HW_HERO_0041;phobos__appearance_02;AMBIGUOUS_DIFFERENT_SOURCES;data/batches/hero_batch_001/crops_dynamic_v1/avatars_full/33728_Screenshot_20260521_072748_Hero_Wars__R3.png | data/batches/hero_batch_001/crops_dynamic_v1/avatars_inner/33728_Screenshot_20260521_072748_Hero_Wars__R3.png | data/batches/hero_batch_001/crops_dynamic_v1/names/33728_Screenshot_20260521_072748_Hero_Wars__R3.png;data/crops/hero/avatars_inner/33728_Screenshot_20260521_072748_Hero_Wars__R3.png;
33849_Hero_Wars_2026-05-17-07-45-45__L3.png;HW_HERO_0057;drayne__appearance_01;AMBIGUOUS_DIFFERENT_SOURCES;data/batches/hero_batch_001/crops_dynamic_v1/avatars_full/33849_Hero_Wars_2026-05-17-07-45-45__L3.png | data/batches/hero_batch_001/crops_dynamic_v1/avatars_inner/33849_Hero_Wars_2026-05-17-07-45-45__L3.png | data/batches/hero_batch_001/crops_dynamic_v1/names/33849_Hero_Wars_2026-05-17-07-45-45__L3.png;data/crops/hero/avatars_inner/33849_Hero_Wars_2026-05-17-07-45-45__L3.png;
33961_Screenshot_2026-05-23-00-53-53-522_com.nexters.herowars__L3.png;HW_HERO_0065;peppy__appearance_01;AMBIGUOUS_DIFFERENT_SOURCES;data/batches/hero_batch_001/crops_dynamic_v1/avatars_full/33961_Screenshot_2026-05-23-00-53-53-522_com.nexters.herowars__L3.png | data/batches/hero_batch_001/crops_dynamic_v1/avatars_inner/33961_Screenshot_2026-05-23-00-53-53-522_com.nexters.herowars__L3.png | data/batches/hero_batch_001/crops_dynamic_v1/names/33961_Screenshot_2026-05-23-00-53-53-522_com.nexters.herowars__L3.png;data/crops/hero/avatars_inner/33961_Screenshot_2026-05-23-00-53-53-522_com.nexters.herowars__L3.png;
33961_Screenshot_2026-05-23-00-53-53-522_com.nexters.herowars__L5.png;HW_HERO_0055;morrigan__appearance_01;AMBIGUOUS_DIFFERENT_SOURCES;data/batches/hero_batch_001/crops_dynamic_v1/avatars_full/33961_Screenshot_2026-05-23-00-53-53-522_com.nexters.herowars__L5.png | data/batches/hero_batch_001/crops_dynamic_v1/avatars_inner/33961_Screenshot_2026-05-23-00-53-53-522_com.nexters.herowars__L5.png | data/batches/hero_batch_001/crops_dynamic_v1/names/33961_Screenshot_2026-05-23-00-53-53-522_com.nexters.herowars__L5.png;data/crops/hero/avatars_inner/33961_Screenshot_2026-05-23-00-53-53-522_com.nexters.herowars__L5.png;
33961_Screenshot_2026-05-23-00-53-53-522_com.nexters.herowars__R1.png;HW_HERO_0075;trompelamort__appearance_01;AMBIGUOUS_DIFFERENT_SOURCES;data/batches/hero_batch_001/crops_dynamic_v1/avatars_full/33961_Screenshot_2026-05-23-00-53-53-522_com.nexters.herowars__R1.png | data/batches/hero_batch_001/crops_dynamic_v1/avatars_inner/33961_Screenshot_2026-05-23-00-53-53-522_com.nexters.herowars__R1.png | data/batches/hero_batch_001/crops_dynamic_v1/names/33961_Screenshot_2026-05-23-00-53-53-522_com.nexters.herowars__R1.png;data/crops/hero/avatars_inner/33961_Screenshot_2026-05-23-00-53-53-522_com.nexters.herowars__R1.png;
34145_Screenshot_20260519_184844_Hero_Wars__L3.png;HW_HERO_0055;morrigan__appearance_01;AMBIGUOUS_DIFFERENT_SOURCES;data/batches/hero_batch_001/crops_dynamic_v1/avatars_full/34145_Screenshot_20260519_184844_Hero_Wars__L3.png | data/batches/hero_batch_001/crops_dynamic_v1/avatars_inner/34145_Screenshot_20260519_184844_Hero_Wars__L3.png | data/batches/hero_batch_001/crops_dynamic_v1/names/34145_Screenshot_20260519_184844_Hero_Wars__L3.png;data/crops/hero/avatars_inner/34145_Screenshot_20260519_184844_Hero_Wars__L3.png;
34333_Screenshot_2026-05-28-22-15-21-583_com.nexters.herowars__L2.png;HW_HERO_0058;cornelius__appearance_01;AMBIGUOUS_DIFFERENT_SOURCES;data/batches/hero_batch_001/crops_dynamic_v1/avatars_full/34333_Screenshot_2026-05-28-22-15-21-583_com.nexters.herowars__L2.png | data/batches/hero_batch_001/crops_dynamic_v1/avatars_inner/34333_Screenshot_2026-05-28-22-15-21-583_com.nexters.herowars__L2.png | data/batches/hero_batch_001/crops_dynamic_v1/names/34333_Screenshot_2026-05-28-22-15-21-583_com.nexters.herowars__L2.png;data/crops/hero/avatars_inner/34333_Screenshot_2026-05-28-22-15-21-583_com.nexters.herowars__L2.png;
34508_Screenshot_20260525_012845_Hero_Wars__L1.png;HW_HERO_0061;lara_croft__appearance_01;AMBIGUOUS_DIFFERENT_SOURCES;data/batches/hero_batch_001/crops_dynamic_v1/avatars_full/34508_Screenshot_20260525_012845_Hero_Wars__L1.png | data/batches/hero_batch_001/crops_dynamic_v1/avatars_inner/34508_Screenshot_20260525_012845_Hero_Wars__L1.png | data/batches/hero_batch_001/crops_dynamic_v1/names/34508_Screenshot_20260525_012845_Hero_Wars__L1.png;data/crops/hero/avatars_inner/34508_Screenshot_20260525_012845_Hero_Wars__L1.png;
34508_Screenshot_20260525_012845_Hero_Wars__L2.png;HW_HERO_0023;juge__appearance_01;AMBIGUOUS_DIFFERENT_SOURCES;data/batches/hero_batch_001/crops_dynamic_v1/avatars_full/34508_Screenshot_20260525_012845_Hero_Wars__L2.png | data/batches/hero_batch_001/crops_dynamic_v1/avatars_inner/34508_Screenshot_20260525_012845_Hero_Wars__L2.png | data/batches/hero_batch_001/crops_dynamic_v1/names/34508_Screenshot_20260525_012845_Hero_Wars__L2.png;data/crops/hero/avatars_inner/34508_Screenshot_20260525_012845_Hero_Wars__L2.png;
34508_Screenshot_20260525_012845_Hero_Wars__L5.png;HW_HERO_0056;isaac__appearance_01;AMBIGUOUS_DIFFERENT_SOURCES;data/batches/hero_batch_001/crops_dynamic_v1/avatars_full/34508_Screenshot_20260525_012845_Hero_Wars__L5.png | data/batches/hero_batch_001/crops_dynamic_v1/avatars_inner/34508_Screenshot_20260525_012845_Hero_Wars__L5.png | data/batches/hero_batch_001/crops_dynamic_v1/names/34508_Screenshot_20260525_012845_Hero_Wars__L5.png;data/crops/hero/avatars_inner/34508_Screenshot_20260525_012845_Hero_Wars__L5.png;
35316_IMG_4656__L3.png;HW_HERO_0041;phobos__appearance_02;AMBIGUOUS_DIFFERENT_SOURCES;data/batches/hero_batch_001/crops_dynamic_v1/avatars_full/35316_IMG_4656__L3.png | data/batches/hero_batch_001/crops_dynamic_v1/avatars_inner/35316_IMG_4656__L3.png | data/batches/hero_batch_001/crops_dynamic_v1/names/35316_IMG_4656__L3.png;data/crops/hero/avatars_inner/35316_IMG_4656__L3.png;
35379_A31BEF3C-9F1D-4D7C-AD12-C22FFFC3AE9B__L3.png;HW_HERO_0062;luther__appearance_01;AMBIGUOUS_DIFFERENT_SOURCES;data/batches/hero_batch_001/crops_dynamic_v1/avatars_full/35379_A31BEF3C-9F1D-4D7C-AD12-C22FFFC3AE9B__L3.png | data/batches/hero_batch_001/crops_dynamic_v1/avatars_inner/35379_A31BEF3C-9F1D-4D7C-AD12-C22FFFC3AE9B__L3.png | data/batches/hero_batch_001/crops_dynamic_v1/names/35379_A31BEF3C-9F1D-4D7C-AD12-C22FFFC3AE9B__L3.png;data/crops/hero/avatars_inner/35379_A31BEF3C-9F1D-4D7C-AD12-C22FFFC3AE9B__L3.png;
35444_IMG_4662__R3.png;HW_HERO_0057;drayne__appearance_01;AMBIGUOUS_DIFFERENT_SOURCES;data/batches/hero_batch_001/crops_dynamic_v1/avatars_full/35444_IMG_4662__R3.png | data/batches/hero_batch_001/crops_dynamic_v1/avatars_inner/35444_IMG_4662__R3.png | data/batches/hero_batch_001/crops_dynamic_v1/names/35444_IMG_4662__R3.png;data/crops/hero/avatars_inner/35444_IMG_4662__R3.png;
35456_8AAF3940-A958-4C51-8E39-E57D829FCBDA__L2.png;HW_HERO_0056;isaac__appearance_01;AMBIGUOUS_DIFFERENT_SOURCES;data/batches/hero_batch_001/crops_dynamic_v1/avatars_full/35456_8AAF3940-A958-4C51-8E39-E57D829FCBDA__L2.png | data/batches/hero_batch_001/crops_dynamic_v1/avatars_inner/35456_8AAF3940-A958-4C51-8E39-E57D829FCBDA__L2.png | data/batches/hero_batch_001/crops_dynamic_v1/names/35456_8AAF3940-A958-4C51-8E39-E57D829FCBDA__L2.png;data/crops/hero/avatars_inner/35456_8AAF3940-A958-4C51-8E39-E57D829FCBDA__L2.png;
35456_8AAF3940-A958-4C51-8E39-E57D829FCBDA__L5.png;HW_HERO_0023;juge__appearance_01;AMBIGUOUS_DIFFERENT_SOURCES;data/batches/hero_batch_001/crops_dynamic_v1/avatars_full/35456_8AAF3940-A958-4C51-8E39-E57D829FCBDA__L5.png | data/batches/hero_batch_001/crops_dynamic_v1/avatars_inner/35456_8AAF3940-A958-4C51-8E39-E57D829FCBDA__L5.png | data/batches/hero_batch_001/crops_dynamic_v1/names/35456_8AAF3940-A958-4C51-8E39-E57D829FCBDA__L5.png;data/crops/hero/avatars_inner/35456_8AAF3940-A958-4C51-8E39-E57D829FCBDA__L5.png;
35456_8AAF3940-A958-4C51-8E39-E57D829FCBDA__R2.png;HW_HERO_0007;champi_et_gnon__appearance_01;AMBIGUOUS_DIFFERENT_SOURCES;data/batches/hero_batch_001/crops_dynamic_v1/avatars_full/35456_8AAF3940-A958-4C51-8E39-E57D829FCBDA__R2.png | data/batches/hero_batch_001/crops_dynamic_v1/avatars_inner/35456_8AAF3940-A958-4C51-8E39-E57D829FCBDA__R2.png | data/batches/hero_batch_001/crops_dynamic_v1/names/35456_8AAF3940-A958-4C51-8E39-E57D829FCBDA__R2.png;data/crops/hero/avatars_inner/35456_8AAF3940-A958-4C51-8E39-E57D829FCBDA__R2.png;
35576_Screenshot_20260609_075918_Hero_Wars__L2.png;HW_HERO_0055;morrigan__appearance_01;AMBIGUOUS_DIFFERENT_SOURCES;data/batches/hero_batch_001/crops_dynamic_v1/avatars_full/35576_Screenshot_20260609_075918_Hero_Wars__L2.png | data/batches/hero_batch_001/crops_dynamic_v1/avatars_inner/35576_Screenshot_20260609_075918_Hero_Wars__L2.png | data/batches/hero_batch_001/crops_dynamic_v1/names/35576_Screenshot_20260609_075918_Hero_Wars__L2.png;data/crops/hero/avatars_inner/35576_Screenshot_20260609_075918_Hero_Wars__L2.png;
35576_Screenshot_20260609_075918_Hero_Wars__R2.png;HW_HERO_0041;phobos__appearance_02;AMBIGUOUS_DIFFERENT_SOURCES;data/batches/hero_batch_001/crops_dynamic_v1/avatars_full/35576_Screenshot_20260609_075918_Hero_Wars__R2.png | data/batches/hero_batch_001/crops_dynamic_v1/avatars_inner/35576_Screenshot_20260609_075918_Hero_Wars__R2.png | data/batches/hero_batch_001/crops_dynamic_v1/names/35576_Screenshot_20260609_075918_Hero_Wars__R2.png;data/crops/hero/avatars_inner/35576_Screenshot_20260609_075918_Hero_Wars__R2.png;
36111_Hero_Wars_2026-06-14-06-27-11__R4.png;HW_HERO_0055;morrigan__appearance_01;AMBIGUOUS_DIFFERENT_SOURCES;data/batches/hero_batch_001/crops_dynamic_v1/avatars_full/36111_Hero_Wars_2026-06-14-06-27-11__R4.png | data/batches/hero_batch_001/crops_dynamic_v1/avatars_inner/36111_Hero_Wars_2026-06-14-06-27-11__R4.png | data/batches/hero_batch_001/crops_dynamic_v1/names/36111_Hero_Wars_2026-06-14-06-27-11__R4.png;data/crops/hero/avatars_inner/36111_Hero_Wars_2026-06-14-06-27-11__R4.png;
36129_Hero_Wars_2026-06-15-09-10-09__L2.png;HW_HERO_0054;amira__appearance_01;AMBIGUOUS_DIFFERENT_SOURCES;data/batches/hero_batch_001/crops_dynamic_v1/avatars_full/36129_Hero_Wars_2026-06-15-09-10-09__L2.png | data/batches/hero_batch_001/crops_dynamic_v1/avatars_inner/36129_Hero_Wars_2026-06-15-09-10-09__L2.png | data/batches/hero_batch_001/crops_dynamic_v1/names/36129_Hero_Wars_2026-06-15-09-10-09__L2.png;data/crops/hero/avatars_inner/36129_Hero_Wars_2026-06-15-09-10-09__L2.png;
36168_DE167D9D-293E-4B01-913B-DFE26AC97FC6__L5.png;HW_HERO_0054;amira__appearance_01;AMBIGUOUS_DIFFERENT_SOURCES;data/batches/hero_batch_001/crops_dynamic_v1/avatars_full/36168_DE167D9D-293E-4B01-913B-DFE26AC97FC6__L5.png | data/batches/hero_batch_001/crops_dynamic_v1/avatars_inner/36168_DE167D9D-293E-4B01-913B-DFE26AC97FC6__L5.png | data/batches/hero_batch_001/crops_dynamic_v1/names/36168_DE167D9D-293E-4B01-913B-DFE26AC97FC6__L5.png;data/crops/hero/avatars_inner/36168_DE167D9D-293E-4B01-913B-DFE26AC97FC6__L5.png;
36184_1610F51E-B3B9-4F19-A124-88CA72E57D62__R3.png;HW_HERO_0059;artemis__appearance_01;AMBIGUOUS_DIFFERENT_SOURCES;data/batches/hero_batch_001/crops_dynamic_v1/avatars_full/36184_1610F51E-B3B9-4F19-A124-88CA72E57D62__R3.png | data/batches/hero_batch_001/crops_dynamic_v1/avatars_inner/36184_1610F51E-B3B9-4F19-A124-88CA72E57D62__R3.png | data/batches/hero_batch_001/crops_dynamic_v1/names/36184_1610F51E-B3B9-4F19-A124-88CA72E57D62__R3.png;data/crops/hero/avatars_inner/36184_1610F51E-B3B9-4F19-A124-88CA72E57D62__R3.png;
36265_IMG_4806__L3.png;HW_HERO_0041;phobos__appearance_02;AMBIGUOUS_DIFFERENT_SOURCES;data/batches/hero_batch_001/crops_dynamic_v1/avatars_full/36265_IMG_4806__L3.png | data/batches/hero_batch_001/crops_dynamic_v1/avatars_inner/36265_IMG_4806__L3.png | data/batches/hero_batch_001/crops_dynamic_v1/names/36265_IMG_4806__L3.png;data/crops/hero/avatars_inner/36265_IMG_4806__L3.png;
36850_Screenshot_20260609_191547_Hero_Wars__L2.png;HW_HERO_0061;lara_croft__appearance_01;AMBIGUOUS_DIFFERENT_SOURCES;data/batches/hero_batch_001/crops_dynamic_v1/avatars_full/36850_Screenshot_20260609_191547_Hero_Wars__L2.png | data/batches/hero_batch_001/crops_dynamic_v1/avatars_inner/36850_Screenshot_20260609_191547_Hero_Wars__L2.png | data/batches/hero_batch_001/crops_dynamic_v1/names/36850_Screenshot_20260609_191547_Hero_Wars__L2.png;data/crops/hero/avatars_inner/36850_Screenshot_20260609_191547_Hero_Wars__L2.png;
36850_Screenshot_20260609_191547_Hero_Wars__R3.png;HW_HERO_0066;faceless__appearance_01;AMBIGUOUS_DIFFERENT_SOURCES;data/batches/hero_batch_001/crops_dynamic_v1/avatars_full/36850_Screenshot_20260609_191547_Hero_Wars__R3.png | data/batches/hero_batch_001/crops_dynamic_v1/avatars_inner/36850_Screenshot_20260609_191547_Hero_Wars__R3.png | data/batches/hero_batch_001/crops_dynamic_v1/names/36850_Screenshot_20260609_191547_Hero_Wars__R3.png;data/crops/hero/avatars_inner/36850_Screenshot_20260609_191547_Hero_Wars__R3.png;
37053_Screenshot_20260622_211945_Hero_Wars__L5.png;HW_HERO_0023;juge__appearance_01;AMBIGUOUS_DIFFERENT_SOURCES;data/batches/hero_batch_001/crops_dynamic_v1/avatars_full/37053_Screenshot_20260622_211945_Hero_Wars__L5.png | data/batches/hero_batch_001/crops_dynamic_v1/avatars_inner/37053_Screenshot_20260622_211945_Hero_Wars__L5.png | data/batches/hero_batch_001/crops_dynamic_v1/names/37053_Screenshot_20260622_211945_Hero_Wars__L5.png;data/crops/hero/avatars_inner/37053_Screenshot_20260622_211945_Hero_Wars__L5.png;
37110_IMG_7320__L2.png;HW_HERO_0060;cleaver__appearance_01;AMBIGUOUS_DIFFERENT_SOURCES;data/batches/hero_batch_001/crops_dynamic_v1/avatars_full/37110_IMG_7320__L2.png | data/batches/hero_batch_001/crops_dynamic_v1/avatars_inner/37110_IMG_7320__L2.png | data/batches/hero_batch_001/crops_dynamic_v1/names/37110_IMG_7320__L2.png;data/crops/hero/avatars_inner/37110_IMG_7320__L2.png;
37110_IMG_7320__R2.png;HW_HERO_0060;cleaver__appearance_01;AMBIGUOUS_DIFFERENT_SOURCES;data/batches/hero_batch_001/crops_dynamic_v1/avatars_full/37110_IMG_7320__R2.png | data/batches/hero_batch_001/crops_dynamic_v1/avatars_inner/37110_IMG_7320__R2.png | data/batches/hero_batch_001/crops_dynamic_v1/names/37110_IMG_7320__R2.png;data/crops/hero/avatars_inner/37110_IMG_7320__R2.png;
37110_IMG_7320__R3.png;HW_HERO_0031;lilith__appearance_01;AMBIGUOUS_DIFFERENT_SOURCES;data/batches/hero_batch_001/crops_dynamic_v1/avatars_full/37110_IMG_7320__R3.png | data/batches/hero_batch_001/crops_dynamic_v1/avatars_inner/37110_IMG_7320__R3.png | data/batches/hero_batch_001/crops_dynamic_v1/names/37110_IMG_7320__R3.png;data/crops/hero/avatars_inner/37110_IMG_7320__R3.png;
37110_IMG_7320__R5.png;HW_HERO_0065;peppy__appearance_01;AMBIGUOUS_DIFFERENT_SOURCES;data/batches/hero_batch_001/crops_dynamic_v1/avatars_full/37110_IMG_7320__R5.png | data/batches/hero_batch_001/crops_dynamic_v1/avatars_inner/37110_IMG_7320__R5.png | data/batches/hero_batch_001/crops_dynamic_v1/names/37110_IMG_7320__R5.png;data/crops/hero/avatars_inner/37110_IMG_7320__R5.png;
37640_IMG_4894__L2.png;HW_HERO_0007;champi_et_gnon__appearance_01;AMBIGUOUS_DIFFERENT_SOURCES;data/batches/hero_batch_001/crops_dynamic_v1/avatars_full/37640_IMG_4894__L2.png | data/batches/hero_batch_001/crops_dynamic_v1/avatars_inner/37640_IMG_4894__L2.png | data/batches/hero_batch_001/crops_dynamic_v1/names/37640_IMG_4894__L2.png;data/crops/hero/avatars_inner/37640_IMG_4894__L2.png;
37640_IMG_4894__L4.png;HW_HERO_0041;phobos__appearance_02;AMBIGUOUS_DIFFERENT_SOURCES;data/batches/hero_batch_001/crops_dynamic_v1/avatars_full/37640_IMG_4894__L4.png | data/batches/hero_batch_001/crops_dynamic_v1/avatars_inner/37640_IMG_4894__L4.png | data/batches/hero_batch_001/crops_dynamic_v1/names/37640_IMG_4894__L4.png;data/crops/hero/avatars_inner/37640_IMG_4894__L4.png;
38049_Screenshot_2026-07-16-02-59-08-824_com.nexters.herowars__R1.png;HW_HERO_0057;drayne__appearance_01;AMBIGUOUS_DIFFERENT_SOURCES;data/batches/hero_batch_001/crops_dynamic_v1/avatars_full/38049_Screenshot_2026-07-16-02-59-08-824_com.nexters.herowars__R1.png | data/batches/hero_batch_001/crops_dynamic_v1/avatars_inner/38049_Screenshot_2026-07-16-02-59-08-824_com.nexters.herowars__R1.png | data/batches/hero_batch_001/crops_dynamic_v1/names/38049_Screenshot_2026-07-16-02-59-08-824_com.nexters.herowars__R1.png;data/crops/hero/avatars_inner/38049_Screenshot_2026-07-16-02-59-08-824_com.nexters.herowars__R1.png;
38059_Screenshot_20260721_132012_Hero_Wars__R2.png;HW_HERO_0057;drayne__appearance_01;AMBIGUOUS_DIFFERENT_SOURCES;data/batches/hero_batch_001/crops_dynamic_v1/avatars_full/38059_Screenshot_20260721_132012_Hero_Wars__R2.png | data/batches/hero_batch_001/crops_dynamic_v1/avatars_inner/38059_Screenshot_20260721_132012_Hero_Wars__R2.png | data/batches/hero_batch_001/crops_dynamic_v1/names/38059_Screenshot_20260721_132012_Hero_Wars__R2.png;data/crops/hero/avatars_inner/38059_Screenshot_20260721_132012_Hero_Wars__R2.png;
38083_B636B8D3-B852-4FDA-8049-4181C84F9302__L2.png;HW_HERO_0064;helios__appearance_01;AMBIGUOUS_DIFFERENT_SOURCES;data/batches/hero_batch_001/crops_dynamic_v1/avatars_full/38083_B636B8D3-B852-4FDA-8049-4181C84F9302__L2.png | data/batches/hero_batch_001/crops_dynamic_v1/avatars_inner/38083_B636B8D3-B852-4FDA-8049-4181C84F9302__L2.png | data/batches/hero_batch_001/crops_dynamic_v1/names/38083_B636B8D3-B852-4FDA-8049-4181C84F9302__L2.png;data/crops/hero/avatars_inner/38083_B636B8D3-B852-4FDA-8049-4181C84F9302__L2.png;
38226_Screenshot_2026-07-28-03-54-24-668_com.nexters.herowars__L1.png;HW_HERO_0014;folio__appearance_01;ALREADY_PRESENT;;data/crops/hero/avatars_inner/38226_Screenshot_2026-07-28-03-54-24-668_com.nexters.herowars__L1.png;
38226_Screenshot_2026-07-28-03-54-24-668_com.nexters.herowars__L2.png;HW_HERO_0030;lian__appearance_01;ALREADY_PRESENT;;data/crops/hero/avatars_inner/38226_Screenshot_2026-07-28-03-54-24-668_com.nexters.herowars__L2.png;
38226_Screenshot_2026-07-28-03-54-24-668_com.nexters.herowars__L3.png;HW_HERO_0004;byrna__appearance_01;ALREADY_PRESENT;;data/crops/hero/avatars_inner/38226_Screenshot_2026-07-28-03-54-24-668_com.nexters.herowars__L3.png;
38226_Screenshot_2026-07-28-03-54-24-668_com.nexters.herowars__L4.png;HW_HERO_0024;julius__appearance_01;ALREADY_PRESENT;;data/crops/hero/avatars_inner/38226_Screenshot_2026-07-28-03-54-24-668_com.nexters.herowars__L4.png;
38226_Screenshot_2026-07-28-03-54-24-668_com.nexters.herowars__L5.png;HW_HERO_0049;tempus__appearance_01;ALREADY_PRESENT;;data/crops/hero/avatars_inner/38226_Screenshot_2026-07-28-03-54-24-668_com.nexters.herowars__L5.png;
38226_Screenshot_2026-07-28-03-54-24-668_com.nexters.herowars__R1.png;HW_HERO_0029;leonel__appearance_01;ALREADY_PRESENT;;data/crops/hero/avatars_inner/38226_Screenshot_2026-07-28-03-54-24-668_com.nexters.herowars__R1.png;
38226_Screenshot_2026-07-28-03-54-24-668_com.nexters.herowars__R2.png;HW_HERO_0052;yasmine__appearance_01;ALREADY_PRESENT;;data/crops/hero/avatars_inner/38226_Screenshot_2026-07-28-03-54-24-668_com.nexters.herowars__R2.png;
38226_Screenshot_2026-07-28-03-54-24-668_com.nexters.herowars__R3.png;HW_HERO_0039;oya__appearance_01;ALREADY_PRESENT;;data/crops/hero/avatars_inner/38226_Screenshot_2026-07-28-03-54-24-668_com.nexters.herowars__R3.png;
38226_Screenshot_2026-07-28-03-54-24-668_com.nexters.herowars__R4.png;HW_HERO_0012;electra_von_grave__appearance_01;ALREADY_PRESENT;;data/crops/hero/avatars_inner/38226_Screenshot_2026-07-28-03-54-24-668_com.nexters.herowars__R4.png;
38226_Screenshot_2026-07-28-03-54-24-668_com.nexters.herowars__R5.png;HW_HERO_0004;byrna__appearance_01;ALREADY_PRESENT;;data/crops/hero/avatars_inner/38226_Screenshot_2026-07-28-03-54-24-668_com.nexters.herowars__R5.png;
38227_Screenshot_2026-07-28-03-54-03-254_com.nexters.herowars__L1.png;HW_HERO_0007;champi_et_gnon__appearance_01;ALREADY_PRESENT;;data/crops/hero/avatars_inner/38227_Screenshot_2026-07-28-03-54-03-254_com.nexters.herowars__L1.png;
38227_Screenshot_2026-07-28-03-54-03-254_com.nexters.herowars__L2.png;HW_HERO_0051;xesha__appearance_01;ALREADY_PRESENT;;data/crops/hero/avatars_inner/38227_Screenshot_2026-07-28-03-54-03-254_com.nexters.herowars__L2.png;
38227_Screenshot_2026-07-28-03-54-03-254_com.nexters.herowars__L3.png;HW_HERO_0030;lian__appearance_01;ALREADY_PRESENT;;data/crops/hero/avatars_inner/38227_Screenshot_2026-07-28-03-54-03-254_com.nexters.herowars__L3.png;
38227_Screenshot_2026-07-28-03-54-03-254_com.nexters.herowars__L4.png;HW_HERO_0049;tempus__appearance_01;ALREADY_PRESENT;;data/crops/hero/avatars_inner/38227_Screenshot_2026-07-28-03-54-03-254_com.nexters.herowars__L4.png;
38227_Screenshot_2026-07-28-03-54-03-254_com.nexters.herowars__L5.png;HW_HERO_0001;aidan__appearance_01;ALREADY_PRESENT;;data/crops/hero/avatars_inner/38227_Screenshot_2026-07-28-03-54-03-254_com.nexters.herowars__L5.png;
38227_Screenshot_2026-07-28-03-54-03-254_com.nexters.herowars__R1.png;HW_HERO_0026;kayla__appearance_01;ALREADY_PRESENT;;data/crops/hero/avatars_inner/38227_Screenshot_2026-07-28-03-54-03-254_com.nexters.herowars__R1.png;
38227_Screenshot_2026-07-28-03-54-03-254_com.nexters.herowars__R2.png;HW_HERO_0045;satori__appearance_01;ALREADY_PRESENT;;data/crops/hero/avatars_inner/38227_Screenshot_2026-07-28-03-54-03-254_com.nexters.herowars__R2.png;
38227_Screenshot_2026-07-28-03-54-03-254_com.nexters.herowars__R3.png;HW_HERO_0014;folio__appearance_01;ALREADY_PRESENT;;data/crops/hero/avatars_inner/38227_Screenshot_2026-07-28-03-54-03-254_com.nexters.herowars__R3.png;
38227_Screenshot_2026-07-28-03-54-03-254_com.nexters.herowars__R4.png;HW_HERO_0024;julius__appearance_01;ALREADY_PRESENT;;data/crops/hero/avatars_inner/38227_Screenshot_2026-07-28-03-54-03-254_com.nexters.herowars__R4.png;
38227_Screenshot_2026-07-28-03-54-03-254_com.nexters.herowars__R5.png;HW_HERO_0048;somna__appearance_01;ALREADY_PRESENT;;data/crops/hero/avatars_inner/38227_Screenshot_2026-07-28-03-54-03-254_com.nexters.herowars__R5.png;
38228_Screenshot_2026-07-27-01-27-44-005_com.nexters.herowars__L1.png;HW_HERO_0018;iris__appearance_01;ALREADY_PRESENT;;data/crops/hero/avatars_inner/38228_Screenshot_2026-07-27-01-27-44-005_com.nexters.herowars__L1.png;
38228_Screenshot_2026-07-27-01-27-44-005_com.nexters.herowars__L2.png;HW_HERO_0017;guus__appearance_01;ALREADY_PRESENT;;data/crops/hero/avatars_inner/38228_Screenshot_2026-07-27-01-27-44-005_com.nexters.herowars__L2.png;
38228_Screenshot_2026-07-27-01-27-44-005_com.nexters.herowars__L3.png;HW_HERO_0001;aidan__appearance_01;ALREADY_PRESENT;;data/crops/hero/avatars_inner/38228_Screenshot_2026-07-27-01-27-44-005_com.nexters.herowars__L3.png;
38228_Screenshot_2026-07-27-01-27-44-005_com.nexters.herowars__L4.png;HW_HERO_0049;tempus__appearance_01;ALREADY_PRESENT;;data/crops/hero/avatars_inner/38228_Screenshot_2026-07-27-01-27-44-005_com.nexters.herowars__L4.png;
38228_Screenshot_2026-07-27-01-27-44-005_com.nexters.herowars__L5.png;HW_HERO_0012;electra_von_grave__appearance_01;ALREADY_PRESENT;;data/crops/hero/avatars_inner/38228_Screenshot_2026-07-27-01-27-44-005_com.nexters.herowars__L5.png;
38228_Screenshot_2026-07-27-01-27-44-005_com.nexters.herowars__R1.png;HW_HERO_0018;iris__appearance_01;ALREADY_PRESENT;;data/crops/hero/avatars_inner/38228_Screenshot_2026-07-27-01-27-44-005_com.nexters.herowars__R1.png;
38228_Screenshot_2026-07-27-01-27-44-005_com.nexters.herowars__R2.png;HW_HERO_0052;yasmine__appearance_01;ALREADY_PRESENT;;data/crops/hero/avatars_inner/38228_Screenshot_2026-07-27-01-27-44-005_com.nexters.herowars__R2.png;
38228_Screenshot_2026-07-27-01-27-44-005_com.nexters.herowars__R3.png;HW_HERO_0004;byrna__appearance_01;ALREADY_PRESENT;;data/crops/hero/avatars_inner/38228_Screenshot_2026-07-27-01-27-44-005_com.nexters.herowars__R3.png;
38228_Screenshot_2026-07-27-01-27-44-005_com.nexters.herowars__R4.png;HW_HERO_0042;polaris__appearance_01;ALREADY_PRESENT;;data/crops/hero/avatars_inner/38228_Screenshot_2026-07-27-01-27-44-005_com.nexters.herowars__R4.png;
38228_Screenshot_2026-07-27-01-27-44-005_com.nexters.herowars__R5.png;HW_HERO_0037;octavia__appearance_01;ALREADY_PRESENT;;data/crops/hero/avatars_inner/38228_Screenshot_2026-07-27-01-27-44-005_com.nexters.herowars__R5.png;
38229_Screenshot_2026-07-26-00-58-59-791_com.nexters.herowars__L1.png;HW_HERO_0018;iris__appearance_01;ALREADY_PRESENT;;data/crops/hero/avatars_inner/38229_Screenshot_2026-07-26-00-58-59-791_com.nexters.herowars__L1.png;
38229_Screenshot_2026-07-26-00-58-59-791_com.nexters.herowars__L2.png;HW_HERO_0034;miu__appearance_01;ALREADY_PRESENT;;data/crops/hero/avatars_inner/38229_Screenshot_2026-07-26-00-58-59-791_com.nexters.herowars__L2.png;
38229_Screenshot_2026-07-26-00-58-59-791_com.nexters.herowars__L3.png;HW_HERO_0047;soleil__appearance_02;ALREADY_PRESENT;;data/crops/hero/avatars_inner/38229_Screenshot_2026-07-26-00-58-59-791_com.nexters.herowars__L3.png;
38229_Screenshot_2026-07-26-00-58-59-791_com.nexters.herowars__L4.png;HW_HERO_0012;electra_von_grave__appearance_01;ALREADY_PRESENT;;data/crops/hero/avatars_inner/38229_Screenshot_2026-07-26-00-58-59-791_com.nexters.herowars__L4.png;
38229_Screenshot_2026-07-26-00-58-59-791_com.nexters.herowars__L5.png;HW_HERO_0036;nebula__appearance_01;ALREADY_PRESENT;;data/crops/hero/avatars_inner/38229_Screenshot_2026-07-26-00-58-59-791_com.nexters.herowars__L5.png;
38229_Screenshot_2026-07-26-00-58-59-791_com.nexters.herowars__R1.png;HW_HERO_0029;leonel__appearance_01;ALREADY_PRESENT;;data/crops/hero/avatars_inner/38229_Screenshot_2026-07-26-00-58-59-791_com.nexters.herowars__R1.png;
38229_Screenshot_2026-07-26-00-58-59-791_com.nexters.herowars__R2.png;HW_HERO_0052;yasmine__appearance_01;ALREADY_PRESENT;;data/crops/hero/avatars_inner/38229_Screenshot_2026-07-26-00-58-59-791_com.nexters.herowars__R2.png;
38229_Screenshot_2026-07-26-00-58-59-791_com.nexters.herowars__R3.png;HW_HERO_0039;oya__appearance_01;ALREADY_PRESENT;;data/crops/hero/avatars_inner/38229_Screenshot_2026-07-26-00-58-59-791_com.nexters.herowars__R3.png;
38229_Screenshot_2026-07-26-00-58-59-791_com.nexters.herowars__R4.png;HW_HERO_0004;byrna__appearance_01;ALREADY_PRESENT;;data/crops/hero/avatars_inner/38229_Screenshot_2026-07-26-00-58-59-791_com.nexters.herowars__R4.png;
38229_Screenshot_2026-07-26-00-58-59-791_com.nexters.herowars__R5.png;HW_HERO_0012;electra_von_grave__appearance_01;ALREADY_PRESENT;;data/crops/hero/avatars_inner/38229_Screenshot_2026-07-26-00-58-59-791_com.nexters.herowars__R5.png;
38230_Screenshot_2026-07-24-23-36-30-805_com.nexters.herowars__L1.png;HW_HERO_0050;tristan__appearance_01;ALREADY_PRESENT;;data/crops/hero/avatars_inner/38230_Screenshot_2026-07-24-23-36-30-805_com.nexters.herowars__L1.png;
38230_Screenshot_2026-07-24-23-36-30-805_com.nexters.herowars__L2.png;HW_HERO_0009;crow__appearance_01;ALREADY_PRESENT;;data/crops/hero/avatars_inner/38230_Screenshot_2026-07-24-23-36-30-805_com.nexters.herowars__L2.png;
38230_Screenshot_2026-07-24-23-36-30-805_com.nexters.herowars__L3.png;HW_HERO_0004;byrna__appearance_01;ALREADY_PRESENT;;data/crops/hero/avatars_inner/38230_Screenshot_2026-07-24-23-36-30-805_com.nexters.herowars__L3.png;
38230_Screenshot_2026-07-24-23-36-30-805_com.nexters.herowars__L4.png;HW_HERO_0017;guus__appearance_01;ALREADY_PRESENT;;data/crops/hero/avatars_inner/38230_Screenshot_2026-07-24-23-36-30-805_com.nexters.herowars__L4.png;
38230_Screenshot_2026-07-24-23-36-30-805_com.nexters.herowars__L5.png;HW_HERO_0013;fafnir__appearance_01;ALREADY_PRESENT;;data/crops/hero/avatars_inner/38230_Screenshot_2026-07-24-23-36-30-805_com.nexters.herowars__L5.png;
38230_Screenshot_2026-07-24-23-36-30-805_com.nexters.herowars__R1.png;HW_HERO_0018;iris__appearance_01;ALREADY_PRESENT;;data/crops/hero/avatars_inner/38230_Screenshot_2026-07-24-23-36-30-805_com.nexters.herowars__R1.png;
38230_Screenshot_2026-07-24-23-36-30-805_com.nexters.herowars__R2.png;HW_HERO_0012;electra_von_grave__appearance_01;ALREADY_PRESENT;;data/crops/hero/avatars_inner/38230_Screenshot_2026-07-24-23-36-30-805_com.nexters.herowars__R2.png;
38230_Screenshot_2026-07-24-23-36-30-805_com.nexters.herowars__R3.png;HW_HERO_0004;byrna__appearance_01;ALREADY_PRESENT;;data/crops/hero/avatars_inner/38230_Screenshot_2026-07-24-23-36-30-805_com.nexters.herowars__R3.png;
38230_Screenshot_2026-07-24-23-36-30-805_com.nexters.herowars__R4.png;HW_HERO_0030;lian__appearance_01;ALREADY_PRESENT;;data/crops/hero/avatars_inner/38230_Screenshot_2026-07-24-23-36-30-805_com.nexters.herowars__R4.png;
38230_Screenshot_2026-07-24-23-36-30-805_com.nexters.herowars__R5.png;HW_HERO_0049;tempus__appearance_01;ALREADY_PRESENT;;data/crops/hero/avatars_inner/38230_Screenshot_2026-07-24-23-36-30-805_com.nexters.herowars__R5.png;
38231_Screenshot_2026-07-24-23-35-05-086_com.nexters.herowars__L1.png;HW_HERO_0045;satori__appearance_01;ALREADY_PRESENT;;data/crops/hero/avatars_inner/38231_Screenshot_2026-07-24-23-35-05-086_com.nexters.herowars__L1.png;
38231_Screenshot_2026-07-24-23-35-05-086_com.nexters.herowars__L2.png;HW_HERO_0004;byrna__appearance_01;ALREADY_PRESENT;;data/crops/hero/avatars_inner/38231_Screenshot_2026-07-24-23-35-05-086_com.nexters.herowars__L2.png;
38231_Screenshot_2026-07-24-23-35-05-086_com.nexters.herowars__L3.png;HW_HERO_0018;iris__appearance_01;ALREADY_PRESENT;;data/crops/hero/avatars_inner/38231_Screenshot_2026-07-24-23-35-05-086_com.nexters.herowars__L3.png;
38231_Screenshot_2026-07-24-23-35-05-086_com.nexters.herowars__L4.png;HW_HERO_0030;lian__appearance_01;ALREADY_PRESENT;;data/crops/hero/avatars_inner/38231_Screenshot_2026-07-24-23-35-05-086_com.nexters.herowars__L4.png;
38231_Screenshot_2026-07-24-23-35-05-086_com.nexters.herowars__L5.png;HW_HERO_0001;aidan__appearance_01;ALREADY_PRESENT;;data/crops/hero/avatars_inner/38231_Screenshot_2026-07-24-23-35-05-086_com.nexters.herowars__L5.png;
38231_Screenshot_2026-07-24-23-35-05-086_com.nexters.herowars__R1.png;HW_HERO_0026;kayla__appearance_01;ALREADY_PRESENT;;data/crops/hero/avatars_inner/38231_Screenshot_2026-07-24-23-35-05-086_com.nexters.herowars__R1.png;
38231_Screenshot_2026-07-24-23-35-05-086_com.nexters.herowars__R2.png;HW_HERO_0014;folio__appearance_01;ALREADY_PRESENT;;data/crops/hero/avatars_inner/38231_Screenshot_2026-07-24-23-35-05-086_com.nexters.herowars__R2.png;
38231_Screenshot_2026-07-24-23-35-05-086_com.nexters.herowars__R3.png;HW_HERO_0024;julius__appearance_01;ALREADY_PRESENT;;data/crops/hero/avatars_inner/38231_Screenshot_2026-07-24-23-35-05-086_com.nexters.herowars__R3.png;
38231_Screenshot_2026-07-24-23-35-05-086_com.nexters.herowars__R4.png;HW_HERO_0017;guus__appearance_01;ALREADY_PRESENT;;data/crops/hero/avatars_inner/38231_Screenshot_2026-07-24-23-35-05-086_com.nexters.herowars__R4.png;
38231_Screenshot_2026-07-24-23-35-05-086_com.nexters.herowars__R5.png;HW_HERO_0001;aidan__appearance_01;ALREADY_PRESENT;;data/crops/hero/avatars_inner/38231_Screenshot_2026-07-24-23-35-05-086_com.nexters.herowars__R5.png;
38232_Screenshot_2026-07-24-23-30-48-292_com.nexters.herowars__L1.png;HW_HERO_0026;kayla__appearance_01;ALREADY_PRESENT;;data/crops/hero/avatars_inner/38232_Screenshot_2026-07-24-23-30-48-292_com.nexters.herowars__L1.png;
38232_Screenshot_2026-07-24-23-30-48-292_com.nexters.herowars__L2.png;HW_HERO_0044;rufus__appearance_01;ALREADY_PRESENT;;data/crops/hero/avatars_inner/38232_Screenshot_2026-07-24-23-30-48-292_com.nexters.herowars__L2.png;
38232_Screenshot_2026-07-24-23-30-48-292_com.nexters.herowars__L3.png;HW_HERO_0037;octavia__appearance_01;ALREADY_PRESENT;;data/crops/hero/avatars_inner/38232_Screenshot_2026-07-24-23-30-48-292_com.nexters.herowars__L3.png;
38232_Screenshot_2026-07-24-23-30-48-292_com.nexters.herowars__L4.png;HW_HERO_0010;dante__appearance_01;ALREADY_PRESENT;;data/crops/hero/avatars_inner/38232_Screenshot_2026-07-24-23-30-48-292_com.nexters.herowars__L4.png;
38232_Screenshot_2026-07-24-23-30-48-292_com.nexters.herowars__L5.png;HW_HERO_0001;aidan__appearance_01;ALREADY_PRESENT;;data/crops/hero/avatars_inner/38232_Screenshot_2026-07-24-23-30-48-292_com.nexters.herowars__L5.png;
38232_Screenshot_2026-07-24-23-30-48-292_com.nexters.herowars__R1.png;HW_HERO_0018;iris__appearance_01;ALREADY_PRESENT;;data/crops/hero/avatars_inner/38232_Screenshot_2026-07-24-23-30-48-292_com.nexters.herowars__R1.png;
38232_Screenshot_2026-07-24-23-30-48-292_com.nexters.herowars__R2.png;HW_HERO_0026;kayla__appearance_01;ALREADY_PRESENT;;data/crops/hero/avatars_inner/38232_Screenshot_2026-07-24-23-30-48-292_com.nexters.herowars__R2.png;
38232_Screenshot_2026-07-24-23-30-48-292_com.nexters.herowars__R3.png;HW_HERO_0042;polaris__appearance_01;ALREADY_PRESENT;;data/crops/hero/avatars_inner/38232_Screenshot_2026-07-24-23-30-48-292_com.nexters.herowars__R3.png;
38232_Screenshot_2026-07-24-23-30-48-292_com.nexters.herowars__R4.png;HW_HERO_0049;tempus__appearance_01;ALREADY_PRESENT;;data/crops/hero/avatars_inner/38232_Screenshot_2026-07-24-23-30-48-292_com.nexters.herowars__R4.png;
38232_Screenshot_2026-07-24-23-30-48-292_com.nexters.herowars__R5.png;HW_HERO_0001;aidan__appearance_01;ALREADY_PRESENT;;data/crops/hero/avatars_inner/38232_Screenshot_2026-07-24-23-30-48-292_com.nexters.herowars__R5.png;
38233_Screenshot_20260728_194145_Hero_Wars__L1.png;HW_HERO_0045;satori__appearance_01;ALREADY_PRESENT;;data/crops/hero/avatars_inner/38233_Screenshot_20260728_194145_Hero_Wars__L1.png;
38233_Screenshot_20260728_194145_Hero_Wars__L2.png;HW_HERO_0014;folio__appearance_01;ALREADY_PRESENT;;data/crops/hero/avatars_inner/38233_Screenshot_20260728_194145_Hero_Wars__L2.png;
38233_Screenshot_20260728_194145_Hero_Wars__L3.png;HW_HERO_0024;julius__appearance_01;ALREADY_PRESENT;;data/crops/hero/avatars_inner/38233_Screenshot_20260728_194145_Hero_Wars__L3.png;
38233_Screenshot_20260728_194145_Hero_Wars__L4.png;HW_HERO_0042;polaris__appearance_01;ALREADY_PRESENT;;data/crops/hero/avatars_inner/38233_Screenshot_20260728_194145_Hero_Wars__L4.png;
38233_Screenshot_20260728_194145_Hero_Wars__L5.png;HW_HERO_0023;juge__appearance_01;ALREADY_PRESENT;;data/crops/hero/avatars_inner/38233_Screenshot_20260728_194145_Hero_Wars__L5.png;
38233_Screenshot_20260728_194145_Hero_Wars__R1.png;HW_HERO_0014;folio__appearance_01;ALREADY_PRESENT;;data/crops/hero/avatars_inner/38233_Screenshot_20260728_194145_Hero_Wars__R1.png;
38233_Screenshot_20260728_194145_Hero_Wars__R2.png;HW_HERO_0037;octavia__appearance_01;ALREADY_PRESENT;;data/crops/hero/avatars_inner/38233_Screenshot_20260728_194145_Hero_Wars__R2.png;
38233_Screenshot_20260728_194145_Hero_Wars__R3.png;HW_HERO_0030;lian__appearance_01;ALREADY_PRESENT;;data/crops/hero/avatars_inner/38233_Screenshot_20260728_194145_Hero_Wars__R3.png;
38233_Screenshot_20260728_194145_Hero_Wars__R4.png;HW_HERO_0024;julius__appearance_01;ALREADY_PRESENT;;data/crops/hero/avatars_inner/38233_Screenshot_20260728_194145_Hero_Wars__R4.png;
38233_Screenshot_20260728_194145_Hero_Wars__R5.png;HW_HERO_0042;polaris__appearance_01;ALREADY_PRESENT;;data/crops/hero/avatars_inner/38233_Screenshot_20260728_194145_Hero_Wars__R5.png;
38234_Screenshot_20260728_193950_Hero_Wars__L1.png;HW_HERO_0026;kayla__appearance_01;ALREADY_PRESENT;;data/crops/hero/avatars_inner/38234_Screenshot_20260728_193950_Hero_Wars__L1.png;
38234_Screenshot_20260728_193950_Hero_Wars__L2.png;HW_HERO_0042;polaris__appearance_01;ALREADY_PRESENT;;data/crops/hero/avatars_inner/38234_Screenshot_20260728_193950_Hero_Wars__L2.png;
38234_Screenshot_20260728_193950_Hero_Wars__L3.png;HW_HERO_0017;guus__appearance_01;ALREADY_PRESENT;;data/crops/hero/avatars_inner/38234_Screenshot_20260728_193950_Hero_Wars__L3.png;
38234_Screenshot_20260728_193950_Hero_Wars__L4.png;HW_HERO_0037;octavia__appearance_01;ALREADY_PRESENT;;data/crops/hero/avatars_inner/38234_Screenshot_20260728_193950_Hero_Wars__L4.png;
38234_Screenshot_20260728_193950_Hero_Wars__L5.png;HW_HERO_0001;aidan__appearance_01;ALREADY_PRESENT;;data/crops/hero/avatars_inner/38234_Screenshot_20260728_193950_Hero_Wars__L5.png;
38234_Screenshot_20260728_193950_Hero_Wars__R1.png;HW_HERO_0018;iris__appearance_01;ALREADY_PRESENT;;data/crops/hero/avatars_inner/38234_Screenshot_20260728_193950_Hero_Wars__R1.png;
38234_Screenshot_20260728_193950_Hero_Wars__R2.png;HW_HERO_0037;octavia__appearance_01;ALREADY_PRESENT;;data/crops/hero/avatars_inner/38234_Screenshot_20260728_193950_Hero_Wars__R2.png;
38234_Screenshot_20260728_193950_Hero_Wars__R3.png;HW_HERO_0049;tempus__appearance_01;ALREADY_PRESENT;;data/crops/hero/avatars_inner/38234_Screenshot_20260728_193950_Hero_Wars__R3.png;
38234_Screenshot_20260728_193950_Hero_Wars__R4.png;HW_HERO_0012;electra_von_grave__appearance_01;ALREADY_PRESENT;;data/crops/hero/avatars_inner/38234_Screenshot_20260728_193950_Hero_Wars__R4.png;
38234_Screenshot_20260728_193950_Hero_Wars__R5.png;HW_HERO_0017;guus__appearance_01;ALREADY_PRESENT;;data/crops/hero/avatars_inner/38234_Screenshot_20260728_193950_Hero_Wars__R5.png;
38235_Screenshot_20260728_193758_Hero_Wars__L1.png;HW_HERO_0051;xesha__appearance_01;ALREADY_PRESENT;;data/crops/hero/avatars_inner/38235_Screenshot_20260728_193758_Hero_Wars__L1.png;
38235_Screenshot_20260728_193758_Hero_Wars__L2.png;HW_HERO_0028;kendle__appearance_01;ALREADY_PRESENT;;data/crops/hero/avatars_inner/38235_Screenshot_20260728_193758_Hero_Wars__L2.png;
38235_Screenshot_20260728_193758_Hero_Wars__L3.png;HW_HERO_0011;dorian__appearance_02;ALREADY_PRESENT;;data/crops/hero/avatars_inner/38235_Screenshot_20260728_193758_Hero_Wars__L3.png;
38235_Screenshot_20260728_193758_Hero_Wars__L4.png;HW_HERO_0012;electra_von_grave__appearance_01;ALREADY_PRESENT;;data/crops/hero/avatars_inner/38235_Screenshot_20260728_193758_Hero_Wars__L4.png;
38235_Screenshot_20260728_193758_Hero_Wars__L5.png;HW_HERO_0001;aidan__appearance_01;ALREADY_PRESENT;;data/crops/hero/avatars_inner/38235_Screenshot_20260728_193758_Hero_Wars__L5.png;
38235_Screenshot_20260728_193758_Hero_Wars__R1.png;HW_HERO_0018;iris__appearance_01;ALREADY_PRESENT;;data/crops/hero/avatars_inner/38235_Screenshot_20260728_193758_Hero_Wars__R1.png;
38235_Screenshot_20260728_193758_Hero_Wars__R2.png;HW_HERO_0042;polaris__appearance_01;ALREADY_PRESENT;;data/crops/hero/avatars_inner/38235_Screenshot_20260728_193758_Hero_Wars__R2.png;
38235_Screenshot_20260728_193758_Hero_Wars__R3.png;HW_HERO_0012;electra_von_grave__appearance_01;ALREADY_PRESENT;;data/crops/hero/avatars_inner/38235_Screenshot_20260728_193758_Hero_Wars__R3.png;
38235_Screenshot_20260728_193758_Hero_Wars__R4.png;HW_HERO_0004;byrna__appearance_01;ALREADY_PRESENT;;data/crops/hero/avatars_inner/38235_Screenshot_20260728_193758_Hero_Wars__R4.png;
38235_Screenshot_20260728_193758_Hero_Wars__R5.png;HW_HERO_0048;somna__appearance_01;ALREADY_PRESENT;;data/crops/hero/avatars_inner/38235_Screenshot_20260728_193758_Hero_Wars__R5.png;
