batch;screenshot_id;side;slot;metric;v1_value;v2_value;validated_value;truth_label;calibrated;predicted_value;predicted_label;calibration_rule;correct
hero_batch_002;24701;L;1;damage_dealt;1139081;139081;1139081;V1;1;1139081;V1;V1_STRONG_ATTEMPT;1
hero_batch_002;24701;R;1;damage_dealt;1283674;1283672;1283674;V1;0;;;;0
hero_batch_002;24701;R;2;damage_taken;1113917;1113913;1113917;V1;1;1113917;V1;V1_ORIGINAL_VERY_HIGH;1
hero_batch_002;24809;L;2;power;104542;10454;104542;V1;1;104542;V1;V1_STRONG_ATTEMPT;1
hero_batch_002;28468;L;1;power;177079;177070;177079;V1;1;177079;V1;V1_V2_LOW_CONFIDENCE;1
hero_batch_002;28468;L;2;power;165819;165810;165819;V1;1;165819;V1;V1_DUAL_CONFIDENCE;1
hero_batch_002;28468;R;4;healing;682257;82257;682257;V1;1;682257;V1;V1_STRONG_ATTEMPT;1
hero_batch_002;28468;R;5;damage_dealt;8137;137;8137;V1;1;8137;V1;V1_STRONG_ATTEMPT;1
hero_batch_002;29563;R;5;damage_dealt;7532;75323;7532;V1;1;7532;V1;V1_DUAL_CONFIDENCE;1
hero_batch_002;30809;L;4;power;169791;169701;169791;V1;1;169791;V1;V1_THREE_V2_VOTES_OVERRIDDEN;1
hero_batch_002;31047;R;1;power;210282;219282;219282;V2;0;;;;0
hero_batch_002;31047;R;1;damage_taken;637897;37897;637897;V1;1;637897;V1;V1_STRONG_ATTEMPT;1
hero_batch_002;31047;L;2;power;232322;232327;232322;V1;0;;;;0
hero_batch_002;31047;L;2;damage_dealt;10044123;100441;1004412;NEITHER;0;;;;0
hero_batch_002;31047;R;2;power;203011;203911;203911;V2;0;;;;0
hero_batch_002;31047;R;3;damage_dealt;1481403;148140;148140;V2;1;148140;V2;V2_V1_TRAILING_NOISE;1
hero_batch_002;31047;R;3;damage_taken;676940;76940;676940;V1;1;676940;V1;V1_V2_LOST_LEADING_DIGITS;1
hero_batch_002;31047;L;4;power;232230;93993;232230;V1;0;;;;0
hero_batch_002;31047;L;4;damage_dealt;228702;22870733;228702;V1;1;228702;V1;V1_V2_LOW_CONFIDENCE;1
hero_batch_002;31047;R;4;damage_dealt;889283;38928;88928;NEITHER;0;;;;0
hero_batch_002;31047;L;5;damage_dealt;7316;37316;7316;V1;1;7316;V1;V1_STRONG_ATTEMPT;1
hero_batch_002;31047;R;5;healing;85323;5323;85323;V1;0;;;;0
hero_batch_002;33031;R;4;damage_taken;690245;90245;690245;V1;1;690245;V1;V1_V2_LOST_LEADING_DIGITS;1
hero_batch_002;33474;R;1;power;241896;241806;241896;V1;0;;;;0
hero_batch_002;34279;R;5;damage_taken;642200;42200;642200;V1;1;642200;V1;V1_DUAL_CONFIDENCE;1
hero_batch_002;35041;L;4;damage_taken;91551;9101;97337;NEITHER;0;;;;0
hero_batch_002;35041;R;4;damage_dealt;100191;791;160757;NEITHER;0;;;;0
hero_batch_002;35041;R;4;damage_taken;10594;510594;316354;NEITHER;0;;;;0
hero_batch_002;35041;L;5;damage_dealt;901;4090;3931;NEITHER;0;;;;0
hero_batch_002;35041;L;5;damage_taken;40641;406441;486447;NEITHER;0;;;;0
hero_batch_002;35041;L;5;healing;41010;406;175618;NEITHER;0;;;;0
hero_batch_002;35041;R;5;power;9401;9041;95457;NEITHER;0;;;;0
hero_batch_002;35041;R;5;damage_dealt;4;43;33304;NEITHER;0;;;;0
hero_batch_002;35041;R;5;damage_taken;4122100;12210167;1227876;NEITHER;0;;;;0
hero_batch_002;35632;L;4;damage_dealt;17569;17560;17569;V1;0;;;;0
hero_batch_002;35632;R;4;damage_dealt;3231883;23188;23188;V2;0;;;;0
hero_batch_002;35632;R;4;damage_taken;6415363;641536;641536;V2;1;641536;V2;V2_V1_TRAILING_NOISE;1
hero_batch_002;35660;R;4;damage_dealt;3;0;0;V2;0;;;;0
hero_batch_002;35660;R;5;power;179605;170605;179605;V1;0;;;;0
hero_batch_002;36257;R;2;damage_taken;48906171;4890617;4890617;V2;0;;;;0
hero_batch_002;36964;L;2;power;162149;162140;162149;V1;1;162149;V1;V1_THREE_V2_VOTES_OVERRIDDEN;1
hero_batch_002;36964;R;4;healing;808189;8189;808189;V1;1;808189;V1;V1_STRONG_ATTEMPT;1
hero_batch_002;37112;R;4;power;106619;106610;106619;V1;0;;;;0
hero_batch_002;37112;R;5;damage_dealt;40;0;0;V2;0;;;;0
hero_batch_002;37790;R;2;damage_dealt;684447;84447;684447;V1;1;684447;V1;V1_V2_LOST_LEADING_DIGITS;1
hero_batch_002;38170;R;3;damage_taken;1117365;11173655;1117365;V1;1;1117365;V1;V1_CENTER_VARIANT_SUPPORTED;1
hero_batch_003;24068;R;1;damage_taken;643110;43110;643110;V1;1;643110;V1;V1_STRONG_ATTEMPT;1
hero_batch_003;24068;R;1;healing;62226;2226;62226;V1;1;62226;V1;V1_DUAL_CONFIDENCE;1
hero_batch_003;24068;R;4;damage_dealt;8563;563;8563;V1;1;8563;V1;V1_STRONG_ATTEMPT;1
hero_batch_003;24068;R;5;healing;61053;1053;61053;V1;1;61053;V1;V1_STRONG_ATTEMPT;1
hero_batch_003;24509;R;1;damage_dealt;1452574;14525740;1452574;V1;1;1452574;V1;V1_DUAL_CONFIDENCE;1
hero_batch_003;24753;R;1;damage_taken;607305;507305;607305;V1;1;607305;V1;V1_ORIGINAL_VERY_HIGH;1
hero_batch_003;24818;L;2;power;104542;10454;104542;V1;1;104542;V1;V1_DUAL_CONFIDENCE;1
hero_batch_003;28002;L;3;power;165382;16538;165382;V1;1;165382;V1;V1_STRONG_ATTEMPT;1
hero_batch_003;28153;L;1;damage_dealt;2142041;142041;2142041;V1;1;2142041;V1;V1_V2_LOST_LEADING_DIGITS;1
hero_batch_003;28153;L;1;damage_taken;2485694;485694;2485694;V1;1;2485694;V1;V1_CENTER_VARIANT_SUPPORTED;1
hero_batch_003;28153;R;1;damage_taken;1022259;102225;1022259;V1;1;1022259;V1;V1_STRONG_ATTEMPT;1
hero_batch_003;28153;L;2;healing;2504891;504891;2504891;V1;1;2504891;V1;V1_STRONG_ATTEMPT;1
hero_batch_003;28153;L;4;healing;1408679;408679;1408679;V1;1;1408679;V1;V1_STRONG_ATTEMPT;1
hero_batch_003;28153;L;5;healing;4870679;870679;4870679;V1;1;4870679;V1;V1_STRONG_ATTEMPT;1
hero_batch_003;28153;R;5;damage_taken;1257361;125736;1257361;V1;1;1257361;V1;V1_DUAL_CONFIDENCE;1
hero_batch_003;2820;R;4;damage_dealt;8947;89473;8947;V1;1;8947;V1;V1_DAMAGE_ORIGINAL_HIGH;1
hero_batch_003;28314;R;2;damage_dealt;69307;9307;69307;V1;1;69307;V1;V1_STRONG_ATTEMPT;1
hero_batch_003;28353;R;5;power;510012;;135812;NEITHER;0;;;;0
hero_batch_003;28353;R;5;damage_dealt;2091434;51440274;20974;NEITHER;0;;;;0
hero_batch_003;28353;R;5;damage_taken;7000010;400010;403561;NEITHER;0;;;;0
hero_batch_003;29714;L;3;power;135582;135587;135582;V1;1;135582;V1;V1_STRONG_ATTEMPT;1
hero_batch_003;29803;L;1;damage_dealt;5271786;5971783;5271786;V1;0;;;;0
hero_batch_003;29803;L;1;damage_taken;15531;315531;15531;V1;1;15531;V1;V1_ORIGINAL_VERY_HIGH;1
hero_batch_003;29803;R;1;damage_dealt;2208035;23208035;3298035;NEITHER;0;;;;0
hero_batch_003;29803;L;2;damage_dealt;74018;37401;74018;V1;1;74018;V1;V1_DUAL_CONFIDENCE;1
hero_batch_003;29803;R;2;damage_dealt;6286372;62863723;628637;NEITHER;0;;;;0
hero_batch_003;29803;L;3;power;199549;199540;199549;V1;0;;;;0
hero_batch_003;30497;L;1;power;91651;91652;216531;NEITHER;0;;;;0
hero_batch_003;30614;R;1;healing;449040;49040;449040;V1;1;449040;V1;V1_V2_LOST_LEADING_DIGITS;1
hero_batch_003;30614;R;3;damage_dealt;68523;8523;68523;V1;1;68523;V1;V1_V2_LOST_LEADING_DIGITS;1
hero_batch_003;30614;R;4;healing;68474;8474;68474;V1;1;68474;V1;V1_STRONG_ATTEMPT;1
hero_batch_003;30614;R;5;damage_taken;630911;30911;630911;V1;1;630911;V1;V1_DUAL_CONFIDENCE;1
hero_batch_003;30614;R;5;healing;679714;79714;679714;V1;1;679714;V1;V1_STRONG_ATTEMPT;1
hero_batch_003;31260;L;5;power;164352;16435;164352;V1;1;164352;V1;V1_DUAL_CONFIDENCE;1
hero_batch_003;31352;R;3;damage_taken;1247851;12478511;1247851;V1;1;1247851;V1;V1_CENTER_VARIANT_SUPPORTED;1
hero_batch_003;31438;R;3;power;85089;5089;85089;V1;1;85089;V1;V1_STRONG_ATTEMPT;1
hero_batch_003;31748;L;5;power;179282;17928;179282;V1;1;179282;V1;V1_DUAL_CONFIDENCE;1
hero_batch_003;32650;L;1;power;192079;192070;192079;V1;1;192079;V1;V1_DUAL_CONFIDENCE;1
hero_batch_003;32934;R;1;healing;627625;27625;627625;V1;1;627625;V1;V1_STRONG_ATTEMPT;1
hero_batch_003;33446;L;1;power;208399;208390;208399;V1;1;208399;V1;V1_DUAL_CONFIDENCE;1
hero_batch_003;35428;L;1;damage_dealt;3423659;423659;3423659;V1;1;3423659;V1;V1_STRONG_ATTEMPT;1
hero_batch_003;35428;R;2;damage_taken;1384935;138493;1384935;V1;1;1384935;V1;V1_DUAL_CONFIDENCE;1
hero_batch_003;35428;R;4;damage_taken;1263661;1263663;1263661;V1;0;;;;0
hero_batch_003;35428;R;5;healing;1928674;1928672;1928674;V1;1;1928674;V1;V1_STRONG_ATTEMPT;1
hero_batch_003;35885;L;5;power;188262;18826;188262;V1;1;188262;V1;V1_STRONG_ATTEMPT;1
hero_batch_003;36322;L;1;power;192842;19284;192842;V1;1;192842;V1;V1_STRONG_ATTEMPT;1
hero_batch_003;36322;L;4;power;171389;171380;171389;V1;1;171389;V1;V1_DUAL_CONFIDENCE;1
hero_batch_003;36322;R;4;damage_dealt;60541;541;60541;V1;1;60541;V1;V1_STRONG_ATTEMPT;1
hero_batch_003;37606;R;2;damage_dealt;39154;391542;39154;V1;1;39154;V1;V1_DAMAGE_ORIGINAL_HIGH;1
hero_batch_003;37606;R;3;damage_dealt;6725;725;6725;V1;1;6725;V1;V1_STRONG_ATTEMPT;1
hero_batch_003;37982;L;1;power;97995;97990;272285;NEITHER;0;;;;0
hero_batch_003;37982;L;2;damage_dealt;14864332;1486433;1486433;V2;1;1486433;V2;V2_V1_TRAILING_NOISE;1
hero_batch_003;37982;L;2;healing;817383;81738;817383;V1;1;817383;V1;V1_STRONG_ATTEMPT;1
hero_batch_003;37982;R;4;healing;626193;26193;626193;V1;1;626193;V1;V1_V2_LOST_LEADING_DIGITS;1
hero_batch_003;37982;L;5;healing;2039055;203905;2039055;V1;0;;;;0
hero_batch_003;37982;R;5;healing;108919;8919;708919;NEITHER;0;;;;0
hero_batch_003;6900;L;5;power;143492;14349;143492;V1;1;143492;V1;V1_ORIGINAL_VERY_HIGH;1
hero_batch_004;22471;L;1;damage_dealt;5366934;366934;5366934;V1;1;5366934;V1;V1_V2_LOST_LEADING_DIGITS;1
hero_batch_004;22471;R;1;damage_dealt;1647385;164738;1647385;V1;0;;;;0
hero_batch_004;22471;R;2;damage_taken;1123967;1123963;1123967;V1;1;1123967;V1;V1_STRONG_ATTEMPT;1
hero_batch_004;22471;R;3;damage_taken;2592574;259257;2592574;V1;0;;;;0
hero_batch_004;22471;L;5;damage_taken;1620599;620599;1620599;V1;1;1620599;V1;V1_DUAL_CONFIDENCE;1
hero_batch_004;22483;R;1;damage_dealt;1390163;13901633;1390163;V1;1;1390163;V1;V1_ORIGINAL_VERY_HIGH;1
hero_batch_004;22680;R;5;healing;0;4;0;V1;1;0;V1;V1_ORIGINAL_VERY_HIGH;1
hero_batch_004;23467;L;1;power;129842;120842;129842;V1;0;;;;0
hero_batch_004;24069;L;4;power;97439;97430;97439;V1;1;97439;V1;V1_STRONG_ATTEMPT;1
hero_batch_004;24797;L;2;power;104542;10454;104542;V1;1;104542;V1;V1_DUAL_CONFIDENCE;1
hero_batch_004;24797;R;5;healing;0;1;0;V1;1;0;V1;V1_STRONG_ATTEMPT;1
hero_batch_004;24890;R;1;damage_taken;1160777;11607776;1160777;V1;1;1160777;V1;V1_ORIGINAL_VERY_HIGH;1
hero_batch_004;25092;R;4;damage_taken;690519;90519;690519;V1;1;690519;V1;V1_DUAL_CONFIDENCE;1
hero_batch_004;25191;R;4;damage_taken;663482;63482;663482;V1;1;663482;V1;V1_V2_LOST_LEADING_DIGITS;1
hero_batch_004;25444;L;1;power;171669;171660;171669;V1;0;;;;0
hero_batch_004;25447;R;4;power;82460;2460;82460;V1;1;82460;V1;V1_STRONG_ATTEMPT;1
hero_batch_004;25447;R;5;damage_dealt;800;0;800;V1;1;800;V1;V1_STRONG_ATTEMPT;1
hero_batch_004;25452;R;5;healing;0;5;0;V1;1;0;V1;V1_V2_LOW_CONFIDENCE;1
hero_batch_004;25511;L;2;healing;3054304;305436;3054364;NEITHER;0;;;;0
hero_batch_004;25571;L;5;damage_dealt;3342;334;3342;V1;0;;;;0
hero_batch_004;26280;R;2;damage_dealt;825131;25131;825131;V1;1;825131;V1;V1_V2_LOST_LEADING_DIGITS;1
hero_batch_004;26280;R;2;damage_taken;868067;68067;868067;V1;1;868067;V1;V1_STRONG_ATTEMPT;1
hero_batch_004;26285;R;2;damage_dealt;809251;9251;809251;V1;1;809251;V1;V1_STRONG_ATTEMPT;1
hero_batch_004;26285;R;3;damage_dealt;688608;88608;688608;V1;1;688608;V1;V1_STRONG_ATTEMPT;1
hero_batch_004;26285;R;4;healing;0;1;0;V1;1;0;V1;V1_STRONG_ATTEMPT;1
hero_batch_004;26285;R;5;damage_dealt;0;1;0;V1;1;0;V1;V1_V2_LOW_CONFIDENCE;1
hero_batch_004;26285;R;5;damage_taken;12132117;213211;1213211;NEITHER;0;;;;0
hero_batch_004;26285;R;5;healing;845684;45684;845684;V1;1;845684;V1;V1_STRONG_ATTEMPT;1
hero_batch_004;26750;L;2;power;137099;137090;137099;V1;0;;;;0
hero_batch_004;26750;L;2;damage_dealt;149870;14987;149870;V1;1;149870;V1;V1_STRONG_ATTEMPT;1
hero_batch_004;26750;R;2;power;113929;113920;113929;V1;1;113929;V1;V1_V2_LOW_CONFIDENCE;1
hero_batch_004;26750;R;3;damage_dealt;4601743;4601733;46017;NEITHER;0;;;;0
hero_batch_004;26750;R;3;damage_taken;602587;60258733;602587;V1;0;;;;0
hero_batch_004;26750;L;4;healing;30;3;0;NEITHER;0;;;;0
hero_batch_004;26750;R;4;damage_dealt;177863;177864;17786;NEITHER;0;;;;0
hero_batch_004;26750;L;5;damage_dealt;0;4;0;V1;0;;;;0
hero_batch_004;26750;R;5;power;190647;120647;139647;NEITHER;0;;;;0
hero_batch_004;26750;R;5;damage_dealt;41;310;0;NEITHER;0;;;;0
hero_batch_004;26750;R;5;healing;44;40;0;NEITHER;0;;;;0
hero_batch_004;26868;L;5;damage_dealt;10770;10716;10776;NEITHER;0;;;;0
hero_batch_004;27590;L;1;damage_taken;26520;36590;65349;NEITHER;0;;;;0
hero_batch_004;27590;L;1;healing;30;3;0;NEITHER;0;;;;0
hero_batch_004;27590;R;1;damage_dealt;979992;30799993;872223;NEITHER;0;;;;0
hero_batch_004;27590;R;1;healing;160761888;160961;160761;NEITHER;0;;;;0
hero_batch_004;27590;L;2;damage_taken;406229;4063293;496332;NEITHER;0;;;;0
hero_batch_004;27590;L;2;healing;10;30;0;NEITHER;0;;;;0
hero_batch_004;27590;R;2;damage_dealt;943656;243656;243656;V2;0;;;;0
hero_batch_004;27590;R;2;damage_taken;4730611;4730613;473061;NEITHER;0;;;;0
hero_batch_004;27590;R;2;healing;0;3;0;V1;1;0;V1;V1_V2_LOW_CONFIDENCE;1
hero_batch_004;27713;L;1;power;180642;18064;180642;V1;1;180642;V1;V1_STRONG_ATTEMPT;1
hero_batch_004;27762;L;5;power;158552;158553;158553;V2;0;;;;0
hero_batch_004;27762;L;5;damage_dealt;84232;284233;84232;V1;1;84232;V1;V1_V2_LOW_CONFIDENCE;1
hero_batch_004;27762;R;5;damage_dealt;127532;327532;27532;NEITHER;0;;;;0
hero_batch_004;28256;R;5;damage_taken;690994;90994;690994;V1;1;690994;V1;V1_STRONG_ATTEMPT;1
hero_batch_004;28346;L;1;power;109016;1001;183915;NEITHER;0;;;;0
hero_batch_004;28346;L;1;damage_dealt;1367704;1367794;2436772;NEITHER;0;;;;0
hero_batch_004;28346;R;2;power;194971;124971;124271;NEITHER;0;;;;0
hero_batch_004;28351;R;3;damage_taken;2761551;27615517;2761551;V1;0;;;;0
hero_batch_004;28444;R;3;damage_taken;2215114;22151145;2215114;V1;0;;;;0
hero_batch_004;28471;L;2;damage_dealt;1266415;126641;1266415;V1;0;;;;0
hero_batch_004;28471;L;4;power;176399;176300;176399;V1;0;;;;0
hero_batch_004;28474;L;4;power;176399;176300;176399;V1;0;;;;0
hero_batch_004;28475;L;1;damage_dealt;3461432;346143;3461432;V1;0;;;;0
hero_batch_004;28475;L;3;power;218472;21847;218472;V1;0;;;;0
hero_batch_004;28477;R;1;damage_dealt;840412;40412;840412;V1;1;840412;V1;V1_STRONG_ATTEMPT;1
hero_batch_004;28477;R;3;damage_taken;650799;50799;650799;V1;1;650799;V1;V1_STRONG_ATTEMPT;1
hero_batch_004;28477;R;4;damage_dealt;68872;8872;68872;V1;1;68872;V1;V1_STRONG_ATTEMPT;1
hero_batch_004;28477;R;4;damage_taken;686504;86504;686504;V1;1;686504;V1;V1_STRONG_ATTEMPT;1
hero_batch_004;29799;L;1;power;194057;194957;194957;V2;0;;;;0
hero_batch_004;29799;R;3;damage_taken;650026;50026;650026;V1;1;650026;V1;V1_STRONG_ATTEMPT;1
hero_batch_004;29802;R;1;power;90065;204065;204965;NEITHER;0;;;;0
hero_batch_004;29802;R;1;damage_dealt;21231671;91931673;2423467;NEITHER;0;;;;0
hero_batch_004;29802;L;2;damage_taken;1431210;14312160;1431210;V1;0;;;;0
hero_batch_004;29808;R;1;damage_taken;628342;28342;628342;V1;1;628342;V1;V1_STRONG_ATTEMPT;1
hero_batch_004;29808;R;2;healing;6;5;6;V1;1;6;V1;V1_STRONG_ATTEMPT;1
hero_batch_004;29808;R;3;damage_taken;648226;48226;648226;V1;1;648226;V1;V1_STRONG_ATTEMPT;1
hero_batch_004;29829;R;4;damage_dealt;6473;473;6473;V1;1;6473;V1;V1_V2_LOST_LEADING_DIGITS;1
hero_batch_004;29874;L;4;power;141697;141607;141697;V1;1;141697;V1;V1_THREE_V2_VOTES_OVERRIDDEN;1
hero_batch_004;29959;L;1;damage_taken;30076;340076;8076;NEITHER;0;;;;0
hero_batch_004;29959;R;1;damage_dealt;574400;4640000;295115;NEITHER;0;;;;0
hero_batch_004;29959;R;1;damage_taken;401074911;;496187;NEITHER;0;;;;0
hero_batch_004;29959;R;1;healing;1106744;11067;11067;V2;0;;;;0
hero_batch_004;29959;L;2;damage_dealt;1445213;1445311;144531;NEITHER;0;;;;0
hero_batch_004;29959;L;2;damage_taken;300280;200380;399389;NEITHER;0;;;;0
hero_batch_004;29959;R;2;damage_dealt;21479635;17963;147263;NEITHER;0;;;;0
hero_batch_004;29959;R;2;damage_taken;6006141;6006143;609614;NEITHER;0;;;;0
hero_batch_004;29959;R;2;healing;1236451;1236453;123645;NEITHER;0;;;;0
hero_batch_004;29959;L;5;damage_taken;28887;228887;28887;V1;1;28887;V1;V1_ORIGINAL_VERY_HIGH;1
hero_batch_004;30115;L;3;power;179612;17961;179612;V1;1;179612;V1;V1_DUAL_CONFIDENCE;1
hero_batch_004;30226;R;5;power;88285;38285;88285;V1;1;88285;V1;V1_STRONG_ATTEMPT;1
hero_batch_004;30853;L;5;power;164339;16433;164339;V1;1;164339;V1;V1_STRONG_ATTEMPT;1
hero_batch_004;30946;R;4;healing;1;0;0;V2;0;;;;0
hero_batch_004;31186;R;2;healing;23912681;2391268;2391268;V2;0;;;;0
hero_batch_004;31243;L;1;power;148439;148430;148439;V1;1;148439;V1;V1_STRONG_ATTEMPT;1
hero_batch_004;31246;L;2;power;185396;185306;185396;V1;0;;;;0
hero_batch_004;31364;L;2;power;184892;184802;184892;V1;1;184892;V1;V1_STRONG_ATTEMPT;1
hero_batch_004;31364;R;3;damage_taken;1332397;332397;1332397;V1;1;1332397;V1;V1_DUAL_CONFIDENCE;1
hero_batch_004;31478;L;1;damage_dealt;2073915;73915;2073915;V1;1;2073915;V1;V1_DUAL_CONFIDENCE;1
hero_batch_004;31478;L;1;damage_taken;2724780;724780;2724780;V1;1;2724780;V1;V1_V2_LOST_LEADING_DIGITS;1
hero_batch_004;31478;L;2;damage_dealt;1014206;14206;1014206;V1;1;1014206;V1;V1_DUAL_CONFIDENCE;1
hero_batch_004;31478;L;3;healing;4682559;682559;4682559;V1;1;4682559;V1;V1_V2_LOST_LEADING_DIGITS;1
hero_batch_004;31478;R;3;damage_taken;2199514;219951;2199514;V1;1;2199514;V1;V1_CENTER_VARIANT_SUPPORTED;1
hero_batch_004;31478;L;5;healing;4981637;981637;4981637;V1;1;4981637;V1;V1_DUAL_CONFIDENCE;1
hero_batch_004;31478;R;5;damage_taken;1288054;128805;1288054;V1;1;1288054;V1;V1_STRONG_ATTEMPT;1
hero_batch_004;32588;R;1;damage_taken;10534553;1053455;1053455;V2;1;1053455;V2;V2_V1_TRAILING_NOISE;1
hero_batch_004;32588;L;2;damage_dealt;19461413;1946141;1946141;V2;1;1946141;V2;V2_V1_TRAILING_NOISE;1
hero_batch_004;32588;L;5;healing;109100;910910;5189168;NEITHER;0;;;;0
hero_batch_004;32588;R;5;damage_taken;882810;882870;882870;V2;0;;;;0
hero_batch_004;32588;R;5;healing;17037;90007;1500657;NEITHER;0;;;;0
hero_batch_004;32594;R;4;healing;1;0;0;V2;0;;;;0
hero_batch_004;32624;L;3;power;167099;167090;167099;V1;1;167099;V1;V1_DUAL_CONFIDENCE;1
hero_batch_004;32646;R;5;healing;0;3;0;V1;1;0;V1;V1_V2_LOW_CONFIDENCE;1
hero_batch_004;32676;L;5;power;181879;18187;181879;V1;1;181879;V1;V1_STRONG_ATTEMPT;1
hero_batch_004;32834;L;3;power;115832;115837;115832;V1;1;115832;V1;V1_DUAL_CONFIDENCE;1
hero_batch_004;33130;R;1;healing;642753;42753;642753;V1;0;;;;0
hero_batch_004;33130;R;2;healing;0;1;0;V1;1;0;V1;V1_STRONG_ATTEMPT;1
hero_batch_004;33274;L;1;power;212029;21202;212029;V1;1;212029;V1;V1_DUAL_CONFIDENCE;1
hero_batch_004;33274;R;1;damage_taken;649742;49742;649742;V1;1;649742;V1;V1_STRONG_ATTEMPT;1
hero_batch_004;33274;R;2;healing;0;1;0;V1;1;0;V1;V1_STRONG_ATTEMPT;1
hero_batch_004;33274;L;3;power;170392;17039;170392;V1;1;170392;V1;V1_DUAL_CONFIDENCE;1
hero_batch_004;33315;L;1;damage_dealt;2690482;269048;2690482;V1;0;;;;0
hero_batch_004;33350;R;2;damage_taken;678170;78170;678170;V1;1;678170;V1;V1_STRONG_ATTEMPT;1
hero_batch_004;33350;R;3;damage_dealt;8533;533;8533;V1;1;8533;V1;V1_STRONG_ATTEMPT;1
hero_batch_004;33350;L;4;healing;0;6;0;V1;1;0;V1;V1_STRONG_ATTEMPT;1
hero_batch_004;33448;R;3;power;189001;180001;189001;V1;1;189001;V1;V1_THREE_V2_VOTES_OVERRIDDEN;1
hero_batch_004;33448;L;4;damage_dealt;5031233;503123;503123;V2;1;503123;V2;V2_V1_TRAILING_NOISE;1
hero_batch_004;33448;R;4;damage_dealt;287202;18720233;287202;V1;1;287202;V1;V1_V2_LOW_CONFIDENCE;1
hero_batch_004;33448;L;5;damage_dealt;131408;321408;31408;NEITHER;0;;;;0
hero_batch_004;33448;L;5;damage_taken;48184533;48184523;481845;NEITHER;0;;;;0
hero_batch_004;33448;R;5;damage_dealt;1754383;317543;47544;NEITHER;0;;;;0
hero_batch_004;33451;L;1;power;208399;208390;208399;V1;1;208399;V1;V1_DUAL_CONFIDENCE;1
hero_batch_004;33478;R;3;healing;0;3;0;V1;1;0;V1;V1_V2_LOW_CONFIDENCE;1
hero_batch_004;33478;L;4;damage_taken;40;90;0;NEITHER;0;;;;0
hero_batch_004;33478;R;4;power;140454;14044;160454;NEITHER;0;;;;0
hero_batch_004;33478;R;4;damage_taken;;2567401;823567;NEITHER;0;;;;0
hero_batch_004;33478;R;4;healing;0;3;0;V1;0;;;;0
hero_batch_004;33478;L;5;damage_dealt;704010441;770441;705522;NEITHER;0;;;;0
hero_batch_004;33478;L;5;damage_taken;10015;100006;345;NEITHER;0;;;;0
hero_batch_004;33478;R;5;damage_dealt;;67000;58391;NEITHER;0;;;;0
hero_batch_004;33478;R;5;damage_taken;700070071;70007;653307;NEITHER;0;;;;0
hero_batch_004;33478;R;5;healing;0;10;0;V1;0;;;;0
hero_batch_004;33662;L;1;power;14933;1933;144233;NEITHER;0;;;;0
hero_batch_004;33662;L;1;damage_dealt;2566094;72566094;2566094;V1;1;2566094;V1;V1_V2_LOW_CONFIDENCE;1
hero_batch_004;33662;R;1;damage_dealt;1414743;2414743;1414743;V1;1;1414743;V1;V1_DAMAGE_ORIGINAL_HIGH;1
hero_batch_004;33662;L;2;power;157129;157120;157129;V1;1;157129;V1;V1_ORIGINAL_VERY_HIGH;1
hero_batch_004;33909;R;4;damage_taken;616473;16473;616473;V1;1;616473;V1;V1_DUAL_CONFIDENCE;1
hero_batch_004;33909;R;5;damage_taken;674104;74104;674104;V1;1;674104;V1;V1_DUAL_CONFIDENCE;1
hero_batch_004;34032;L;5;power;197572;19757;197572;V1;1;197572;V1;V1_STRONG_ATTEMPT;1
hero_batch_004;34067;R;1;damage_dealt;681199;81199;681199;V1;1;681199;V1;V1_DUAL_CONFIDENCE;1
hero_batch_004;34148;L;4;damage_dealt;401439;401430;401439;V1;1;401439;V1;V1_STRONG_ATTEMPT;1
hero_batch_004;34148;L;5;power;120272;12037;120372;NEITHER;0;;;;0
hero_batch_004;34148;R;5;damage_dealt;22705;270553;22705;V1;0;;;;0
hero_batch_004;34153;R;1;damage_taken;668037;68037;668037;V1;1;668037;V1;V1_STRONG_ATTEMPT;1
hero_batch_004;34253;R;3;damage_taken;638224;38224;638224;V1;1;638224;V1;V1_STRONG_ATTEMPT;1
hero_batch_004;34253;R;4;healing;664228;64228;664228;V1;1;664228;V1;V1_STRONG_ATTEMPT;1
hero_batch_004;34258;L;1;damage_taken;380443;386443;386443;V2;0;;;;0
hero_batch_004;34258;R;1;damage_taken;1282019;1282079;1282079;V2;0;;;;0
hero_batch_004;34331;R;1;power;195139;195130;195139;V1;1;195139;V1;V1_ORIGINAL_VERY_HIGH;1
hero_batch_004;34331;R;5;damage_taken;875872;75872;875872;V1;0;;;;0
hero_batch_004;34443;R;4;damage_dealt;29902;2990;2990;V2;1;2990;V2;V2_V1_TRAILING_NOISE;1
hero_batch_004;34443;L;5;power;2;;99092;NEITHER;0;;;;0
hero_batch_004;34443;R;5;damage_dealt;1469;14693;1469;V1;0;;;;0
hero_batch_004;34842;R;5;power;8647;98647;98647;V2;0;;;;0
hero_batch_004;35214;L;5;power;161142;16114;161142;V1;1;161142;V1;V1_STRONG_ATTEMPT;1
hero_batch_004;35218;R;1;damage_dealt;1645820;16458203;1645820;V1;0;;;;0
hero_batch_004;35218;R;4;damage_dealt;94717;947177;94717;V1;1;94717;V1;V1_DAMAGE_ORIGINAL_HIGH;1
hero_batch_004;35266;R;2;healing;8297764;297764;8297764;V1;1;8297764;V1;V1_STRONG_ATTEMPT;1
hero_batch_004;35266;L;4;power;174282;17428;174282;V1;1;174282;V1;V1_DUAL_CONFIDENCE;1
hero_batch_004;35275;L;1;damage_dealt;2777510;37775163;3777510;NEITHER;0;;;;0
hero_batch_004;35275;R;1;power;181058;81058;181058;V1;0;;;;0
hero_batch_004;35275;R;1;damage_dealt;91854281;18542810;1854281;NEITHER;0;;;;0
hero_batch_004;35275;R;1;damage_taken;536640;53664033;536649;NEITHER;0;;;;0
hero_batch_004;35335;R;1;damage_dealt;2289030;2280030;2289030;V1;0;;;;0
hero_batch_004;35335;L;5;damage_taken;495450570;5430370;3456376;NEITHER;0;;;;0
hero_batch_004;35335;R;5;damage_taken;411045;11943;411543;NEITHER;0;;;;0
hero_batch_004;35427;R;3;damage_dealt;67138;57138;67138;V1;1;67138;V1;V1_STRONG_ATTEMPT;1
hero_batch_004;35432;L;2;damage_dealt;5242345;524234;524234;V2;1;524234;V2;V2_V1_TRAILING_NOISE;1
hero_batch_004;35432;R;4;damage_dealt;3021;30213;3021;V1;0;;;;0
hero_batch_004;35432;R;4;damage_taken;505101;5051013;505101;V1;1;505101;V1;V1_STRONG_ATTEMPT;1
hero_batch_004;35432;L;5;healing;3090421;53090422;309042;NEITHER;0;;;;0
hero_batch_004;35432;R;5;damage_dealt;9195;2195;2425;NEITHER;0;;;;0
hero_batch_004;35447;L;2;power;192489;192480;192489;V1;1;192489;V1;V1_DUAL_CONFIDENCE;1
hero_batch_004;35447;R;2;damage_dealt;978096;9780961;978096;V1;1;978096;V1;V1_DUAL_CONFIDENCE;1
hero_batch_004;35447;R;3;damage_dealt;617803;17803;617803;V1;1;617803;V1;V1_DUAL_CONFIDENCE;1
hero_batch_004;35447;R;3;damage_taken;852892;52892;852892;V1;1;852892;V1;V1_STRONG_ATTEMPT;1
hero_batch_004;35463;L;4;damage_taken;290413;29041;296475;NEITHER;0;;;;0
hero_batch_004;35463;L;5;damage_dealt;4009;400;64009;NEITHER;0;;;;0
hero_batch_004;35463;L;5;damage_taken;2194104;194104;194134;NEITHER;0;;;;0
hero_batch_004;35463;L;5;healing;1040;1010;610703;NEITHER;0;;;;0
hero_batch_004;35463;R;5;damage_dealt;5902;590;3963;NEITHER;0;;;;0
hero_batch_004;35582;L;2;power;166932;16693;166932;V1;1;166932;V1;V1_STRONG_ATTEMPT;1
hero_batch_004;35764;L;3;power;184259;184250;184259;V1;1;184259;V1;V1_STRONG_ATTEMPT;1
hero_batch_004;35764;L;5;damage_dealt;40562;340562;40562;V1;1;40562;V1;V1_STRONG_ATTEMPT;1
hero_batch_004;35792;R;2;damage_dealt;1089001;89001;1089001;V1;1;1089001;V1;V1_DUAL_CONFIDENCE;1
hero_batch_004;35792;R;2;healing;0;1;0;V1;1;0;V1;V1_STRONG_ATTEMPT;1
hero_batch_004;35792;L;5;damage_dealt;8549;854;8549;V1;1;8549;V1;V1_STRONG_ATTEMPT;1
hero_batch_004;35792;R;5;damage_taken;636940;36940;636940;V1;1;636940;V1;V1_STRONG_ATTEMPT;1
hero_batch_004;35915;R;4;damage_dealt;660415;60415;660415;V1;1;660415;V1;V1_DAMAGE_ORIGINAL_HIGH;1
hero_batch_004;35963;R;1;damage_dealt;1284854;32848543;1284854;V1;1;1284854;V1;V1_DAMAGE_ORIGINAL_HIGH;1
hero_batch_004;35963;L;2;damage_dealt;1601319;1601312;1601319;V1;1;1601319;V1;V1_ORIGINAL_VERY_HIGH;1
hero_batch_004;36311;L;1;power;106502;10650;196502;NEITHER;0;;;;0
hero_batch_004;36311;L;1;damage_dealt;488754033;48875403;4887540;NEITHER;0;;;;0
hero_batch_004;36311;L;1;damage_taken;70111203;70111207;7011120;NEITHER;0;;;;0
hero_batch_004;36311;R;1;damage_dealt;315304675;;15304675;NEITHER;0;;;;0
hero_batch_004;36311;R;2;damage_dealt;9733976;7339763;733976;NEITHER;0;;;;0
hero_batch_004;36311;R;3;damage_taken;4697208;46972080;4697208;V1;1;4697208;V1;V1_DUAL_CONFIDENCE;1
hero_batch_004;36414;R;2;damage_dealt;65855;5855;65855;V1;1;65855;V1;V1_V2_LOST_LEADING_DIGITS;1
hero_batch_004;36414;R;4;damage_dealt;6461;5461;6461;V1;1;6461;V1;V1_DAMAGE_ORIGINAL_HIGH;1
hero_batch_004;36590;R;1;damage_dealt;6682028;5682028;6682028;V1;1;6682028;V1;V1_STRONG_ATTEMPT;1
hero_batch_004;36590;R;1;damage_taken;642705;42705;642705;V1;0;;;;0
hero_batch_004;36590;R;1;healing;0;1;0;V1;1;0;V1;V1_STRONG_ATTEMPT;1
hero_batch_004;36590;R;2;healing;0;1;0;V1;1;0;V1;V1_STRONG_ATTEMPT;1
hero_batch_004;36590;R;4;damage_taken;600440;440;600440;V1;1;600440;V1;V1_DUAL_CONFIDENCE;1
hero_batch_004;36859;L;1;damage_dealt;3153284;153284;3153284;V1;1;3153284;V1;V1_DUAL_CONFIDENCE;1
hero_batch_004;36859;R;1;damage_dealt;5849249;584924;5849249;V1;1;5849249;V1;V1_CENTER_VARIANT_SUPPORTED;1
hero_batch_004;36859;L;3;damage_taken;2479046;479046;2479046;V1;1;2479046;V1;V1_STRONG_ATTEMPT;1
hero_batch_004;36859;L;3;healing;5637523;637523;5637523;V1;1;5637523;V1;V1_DUAL_CONFIDENCE;1
hero_batch_004;36859;R;3;damage_taken;2601317;2601313;2601317;V1;1;2601317;V1;V1_STRONG_ATTEMPT;1
hero_batch_004;36859;L;4;damage_taken;3031686;31686;3031686;V1;1;3031686;V1;V1_STRONG_ATTEMPT;1
hero_batch_004;36864;L;1;damage_dealt;1823894;823894;1823894;V1;1;1823894;V1;V1_V2_LOST_LEADING_DIGITS;1
hero_batch_004;36864;L;2;damage_dealt;1137610;137610;1137610;V1;1;1137610;V1;V1_DUAL_CONFIDENCE;1
hero_batch_004;36965;L;5;power;145142;14514;145142;V1;0;;;;0
hero_batch_004;37568;R;2;damage_taken;849083;49083;849083;V1;1;849083;V1;V1_V2_LOST_LEADING_DIGITS;1
hero_batch_004;37568;R;3;damage_dealt;67852;7852;67852;V1;1;67852;V1;V1_V2_LOST_LEADING_DIGITS;1
hero_batch_004;37568;R;4;damage_dealt;60615;50615;60615;V1;1;60615;V1;V1_STRONG_ATTEMPT;1
hero_batch_004;37568;R;4;damage_taken;6711071;711071;6711071;V1;1;6711071;V1;V1_STRONG_ATTEMPT;1
hero_batch_004;37568;R;5;damage_taken;649851;49851;649851;V1;1;649851;V1;V1_DUAL_CONFIDENCE;1
hero_batch_004;37625;R;1;power;99340;92340;223440;NEITHER;0;;;;0
hero_batch_004;37625;R;1;damage_dealt;755976;7559762;755976;V1;0;;;;0
hero_batch_004;37625;L;2;damage_dealt;12469363;1246936;1246936;V2;0;;;;0
hero_batch_004;37625;R;2;damage_dealt;728633;72863333;728633;V1;1;728633;V1;V1_V2_LOW_CONFIDENCE;1
hero_batch_004;37625;R;3;damage_dealt;345476;53454763;345476;V1;1;345476;V1;V1_DAMAGE_ORIGINAL_HIGH;1
hero_batch_004;37625;L;4;damage_dealt;47726;247726;47726;V1;1;47726;V1;V1_DAMAGE_ORIGINAL_HIGH;1
hero_batch_004;37625;R;4;damage_dealt;159717;21597173;159717;V1;1;159717;V1;V1_DAMAGE_ORIGINAL_HIGH;1
hero_batch_004;37653;R;1;power;190120;199120;199120;V2;0;;;;0
hero_batch_004;37653;L;3;power;194239;19423;194239;V1;1;194239;V1;V1_DUAL_CONFIDENCE;1
hero_batch_004;37670;R;1;damage_dealt;1901919;19019190;1901919;V1;1;1901919;V1;V1_CENTER_VARIANT_SUPPORTED;1
hero_batch_004;37670;R;3;damage_taken;1066487;66487;1066487;V1;1;1066487;V1;V1_STRONG_ATTEMPT;1
hero_batch_004;37685;L;1;power;264528;26459;264528;V1;0;;;;0
hero_batch_004;37685;L;1;damage_dealt;588427531;58842773;5884275;NEITHER;0;;;;0
hero_batch_004;37685;L;3;power;221822;22182;221822;V1;1;221822;V1;V1_DUAL_CONFIDENCE;1
hero_batch_004;37685;R;4;damage_taken;6698630;698630;6698630;V1;1;6698630;V1;V1_STRONG_ATTEMPT;1
hero_batch_004;37688;R;2;damage_dealt;684862;84862;684862;V1;1;684862;V1;V1_DUAL_CONFIDENCE;1
hero_batch_004;37697;L;4;damage_taken;1469434;1409434;1469434;V1;0;;;;0
hero_batch_004;37697;R;4;power;251524;257524;257524;V2;0;;;;0
hero_batch_004;37697;L;5;power;1003;21000;215603;NEITHER;0;;;;0
hero_batch_004;37697;L;5;damage_dealt;50514;33514;35314;NEITHER;0;;;;0
hero_batch_004;37697;R;5;power;230800;276000;258860;NEITHER;0;;;;0
hero_batch_004;37697;R;5;damage_taken;2204500;2203450;2265436;NEITHER;0;;;;0
hero_batch_004;37813;L;2;power;204232;20423;204232;V1;1;204232;V1;V1_STRONG_ATTEMPT;1
hero_batch_004;37813;R;2;damage_dealt;665257;65257;665257;V1;1;665257;V1;V1_STRONG_ATTEMPT;1
hero_batch_004;37959;L;5;power;173139;173130;173139;V1;1;173139;V1;V1_DUAL_CONFIDENCE;1
hero_batch_004;37971;R;2;damage_dealt;646364;46364;646364;V1;1;646364;V1;V1_STRONG_ATTEMPT;1
hero_batch_004;37971;R;4;damage_taken;606931;6931;606931;V1;1;606931;V1;V1_STRONG_ATTEMPT;1
hero_batch_004;37971;R;5;healing;819706;19706;819706;V1;1;819706;V1;V1_DUAL_CONFIDENCE;1
hero_batch_004;37973;R;1;damage_dealt;6166274;166274;6166274;V1;1;6166274;V1;V1_STRONG_ATTEMPT;1
hero_batch_004;37973;R;2;damage_taken;870067;70067;870067;V1;1;870067;V1;V1_STRONG_ATTEMPT;1
hero_batch_004;37973;R;2;healing;616924;16924;616924;V1;1;616924;V1;V1_STRONG_ATTEMPT;1
hero_batch_004;37979;L;1;power;229014;220014;229014;V1;1;229014;V1;V1_STRONG_ATTEMPT;1
hero_batch_004;38001;L;2;damage_dealt;1123829;112382;1123829;V1;1;1123829;V1;V1_DAMAGE_ORIGINAL_HIGH;1
hero_batch_004;38001;R;3;damage_dealt;8876;3876;8876;V1;1;8876;V1;V1_STRONG_ATTEMPT;1
hero_batch_004;38001;L;5;power;188229;18822;188229;V1;1;188229;V1;V1_DUAL_CONFIDENCE;1
hero_batch_004;38132;L;1;power;171129;171120;171129;V1;1;171129;V1;V1_STRONG_ATTEMPT;1
