avatar_file;hero_uid;appearance_id;ocr_text;ocr_confidence;ocr_status;screenshot_id;side;slot;label_source;reviewed
2801_Screenshot_20250708-120939__L1.png;HW_HERO_0027;keira__appearance_01;Keira;0.9999951486052463;HIGH;2801;L;1;visual_cluster_and_ocr;0
2801_Screenshot_20250708-120939__L2.png;HW_HERO_0014;folio__appearance_01;Folio;0.9999643341868938;HIGH;2801;L;2;visual_cluster_and_ocr;0
2801_Screenshot_20250708-120939__L3.png;HW_HERO_0006;celeste__appearance_01;Céleste;0.9993695450672674;HIGH;2801;L;3;visual_cluster_and_ocr;0
2801_Screenshot_20250708-120939__L4.png;HW_HERO_0002;andvari__appearance_01;Andvari;0.9999782825094796;HIGH;2801;L;4;visual_cluster_and_ocr;0
2801_Screenshot_20250708-120939__L5.png;HW_HERO_0032;martha__appearance_01;Martha;0.9999941599575274;HIGH;2801;L;5;visual_cluster_and_ocr;0
2801_Screenshot_20250708-120939__R1.png;HW_HERO_0043;qing_mao__appearance_01;Qing Mao;0.6656587491167032;MEDIUM;2801;R;1;visual_cluster_and_ocr;0
2801_Screenshot_20250708-120939__R2.png;HW_HERO_0027;keira__appearance_01;Keira;0.9999916300095111;HIGH;2801;R;2;visual_cluster_and_ocr;0
2801_Screenshot_20250708-120939__R3.png;HW_HERO_0015;galaad__appearance_01;Galaad;0.9999871032293127;HIGH;2801;R;3;visual_cluster_and_ocr;0
2801_Screenshot_20250708-120939__R4.png;HW_HERO_0006;celeste__appearance_01;Céleste;0.9998008872629848;HIGH;2801;R;4;visual_cluster_and_ocr;0
2801_Screenshot_20250708-120939__R5.png;HW_HERO_0003;astaroth__appearance_01;Astaroth;0.9999790950726293;HIGH;2801;R;5;visual_cluster_and_ocr;0
2802_Screenshot_20250708-120933__L1.png;HW_HERO_0027;keira__appearance_01;Keira;0.9999951486052463;HIGH;2802;L;1;visual_cluster_and_ocr;0
2802_Screenshot_20250708-120933__L2.png;HW_HERO_0006;celeste__appearance_01;Céleste;0.9994074003193268;HIGH;2802;L;2;visual_cluster_and_ocr;0
2802_Screenshot_20250708-120933__L3.png;HW_HERO_0002;andvari__appearance_01;Andvari;0.9999799496251441;HIGH;2802;L;3;visual_cluster_and_ocr;0
2802_Screenshot_20250708-120933__L4.png;HW_HERO_0014;folio__appearance_01;Folio;0.9999896574627776;HIGH;2802;L;4;visual_cluster_and_ocr;0
2802_Screenshot_20250708-120933__L5.png;HW_HERO_0032;martha__appearance_01;Martha;0.9999941599575274;HIGH;2802;L;5;visual_cluster_and_ocr;0
2802_Screenshot_20250708-120933__R1.png;HW_HERO_0045;satori__appearance_01;Satori;0.999993965289313;HIGH;2802;R;1;visual_cluster_and_ocr;0
2802_Screenshot_20250708-120933__R2.png;HW_HERO_0015;galaad__appearance_01;Galaad;0.9999920186067003;HIGH;2802;R;2;visual_cluster_and_ocr;0
2802_Screenshot_20250708-120933__R3.png;HW_HERO_0022;jorgen__appearance_01;Jorgen;0.9999982966550706;HIGH;2802;R;3;visual_cluster_and_ocr;0
2802_Screenshot_20250708-120933__R4.png;HW_HERO_0003;astaroth__appearance_01;Astaroth;0.9761962442488433;HIGH;2802;R;4;visual_cluster_and_ocr;0
2802_Screenshot_20250708-120933__R5.png;HW_HERO_0032;martha__appearance_01;Martha;0.9634533891971019;HIGH;2802;R;5;visual_cluster_and_ocr;0
2803_Screenshot_20250709-140336__L1.png;HW_HERO_0026;kayla__appearance_01;Kayla;0.9999780887335017;HIGH;2803;L;1;visual_cluster_and_ocr;0
2803_Screenshot_20250709-140336__L2.png;HW_HERO_0040;peech__appearance_01;Peech;0.9999948287329671;HIGH;2803;L;2;visual_cluster_and_ocr;0
2803_Screenshot_20250709-140336__L3.png;HW_HERO_0003;astaroth__appearance_02;Astaroth;0.9999926242902437;HIGH;2803;L;3;visual_cluster_and_ocr;0
2803_Screenshot_20250709-140336__L4.png;HW_HERO_0001;aidan__appearance_01;Aidan;0.999974623442856;HIGH;2803;L;4;visual_cluster_and_ocr;0
2803_Screenshot_20250709-140336__L5.png;HW_HERO_0017;guus__appearance_01;Guus;0.9999657869338989;HIGH;2803;L;5;visual_cluster_and_ocr;0
2803_Screenshot_20250709-140336__R1.png;HW_HERO_0042;polaris__appearance_01;Polaris;0.9999923403215568;HIGH;2803;R;1;visual_cluster_and_ocr;0
2803_Screenshot_20250709-140336__R2.png;HW_HERO_0030;lian__appearance_01;Lian;0.9899550080299377;HIGH;2803;R;2;visual_cluster_and_ocr;0
2803_Screenshot_20250709-140336__R3.png;HW_HERO_0047;soleil__appearance_01;Soleil;0.9998835383719329;HIGH;2803;R;3;visual_cluster_and_ocr;0
2803_Screenshot_20250709-140336__R4.png;HW_HERO_0024;julius__appearance_01;Julius;0.9999981019870372;HIGH;2803;R;4;visual_cluster_and_ocr;0
2803_Screenshot_20250709-140336__R5.png;HW_HERO_0017;guus__appearance_01;Guus;0.9999259114265442;HIGH;2803;R;5;visual_cluster_and_ocr;0
2804_Screenshot_20250709-140324__L1.png;HW_HERO_0026;kayla__appearance_01;Kayla;0.9999780887335017;HIGH;2804;L;1;visual_cluster_and_ocr;0
2804_Screenshot_20250709-140324__L2.png;HW_HERO_0040;peech__appearance_01;Peech;0.9999947754209193;HIGH;2804;L;2;visual_cluster_and_ocr;0
2804_Screenshot_20250709-140324__L3.png;HW_HERO_0003;astaroth__appearance_02;Astaroth;0.9999926242902437;HIGH;2804;L;3;visual_cluster_and_ocr;0
2804_Screenshot_20250709-140324__L4.png;HW_HERO_0001;aidan__appearance_01;Aidan;0.999974623442856;HIGH;2804;L;4;visual_cluster_and_ocr;0
2804_Screenshot_20250709-140324__L5.png;HW_HERO_0017;guus__appearance_01;Guus;0.9998087882995605;HIGH;2804;L;5;visual_cluster_and_ocr;0
2804_Screenshot_20250709-140324__R1.png;HW_HERO_0010;dante__appearance_01;Dante;0.9999723310190344;HIGH;2804;R;1;visual_cluster_and_ocr;0
2804_Screenshot_20250709-140324__R2.png;HW_HERO_0044;rufus__appearance_01;Rufus;0.9999886978452819;HIGH;2804;R;2;visual_cluster_and_ocr;0
2804_Screenshot_20250709-140324__R3.png;HW_HERO_0011;dorian__appearance_01;Dorian;0.9999263662368604;HIGH;2804;R;3;visual_cluster_and_ocr;0
2804_Screenshot_20250709-140324__R4.png;HW_HERO_0020;jet__appearance_01;Jet;0.9999980040603199;HIGH;2804;R;4;visual_cluster_and_ocr;0
2804_Screenshot_20250709-140324__R5.png;HW_HERO_0017;guus__appearance_01;Guus;0.9999259114265442;HIGH;2804;R;5;visual_cluster_and_ocr;0
2805_Screenshot_20250709-125031__L1.png;HW_HERO_0038;orion__appearance_01;Orion;0.9999733972627494;HIGH;2805;L;1;visual_cluster_and_ocr;0
2805_Screenshot_20250709-125031__L2.png;HW_HERO_0019;ishmael__appearance_01;Ishmaël;0.9997177959261265;HIGH;2805;L;2;visual_cluster_and_ocr;0
2805_Screenshot_20250709-125031__L3.png;HW_HERO_0035;mojo__appearance_01;Mojo;0.9999925494194031;HIGH;2805;L;3;visual_cluster_and_ocr;0
2805_Screenshot_20250709-125031__L4.png;HW_HERO_0053;ziri__appearance_01;Ziri;0.9999871850013733;HIGH;2805;L;4;visual_cluster_and_ocr;0
2805_Screenshot_20250709-125031__L5.png;HW_HERO_0032;martha__appearance_01;Martha;0.9999941599575274;HIGH;2805;L;5;visual_cluster_and_ocr;0
2805_Screenshot_20250709-125031__R1.png;HW_HERO_0005;cascade__appearance_01;Cascade;0.9999738218442348;HIGH;2805;R;1;visual_cluster_and_ocr;0
2805_Screenshot_20250709-125031__R2.png;HW_HERO_0021;jhu__appearance_01;Jhu;0.9999841013228722;HIGH;2805;R;2;visual_cluster_and_ocr;0
2805_Screenshot_20250709-125031__R3.png;HW_HERO_0016;ginger__appearance_01;Ginger;0.9999911912663318;HIGH;2805;R;3;visual_cluster_and_ocr;0
2805_Screenshot_20250709-125031__R4.png;HW_HERO_0006;celeste__appearance_01;Céleste;0.9998016082192743;HIGH;2805;R;4;visual_cluster_and_ocr;0
2805_Screenshot_20250709-125031__R5.png;HW_HERO_0032;martha__appearance_01;Martha;0.9634533891971019;HIGH;2805;R;5;visual_cluster_and_ocr;0
2806_Screenshot_20250709-124954__L1.png;HW_HERO_0021;jhu__appearance_01;Jhu;0.9999794900245863;HIGH;2806;L;1;visual_cluster_and_ocr;0
2806_Screenshot_20250709-124954__L2.png;HW_HERO_0015;galaad__appearance_01;Galaad;0.6155819658628058;MEDIUM;2806;L;2;visual_cluster_and_ocr;0
2806_Screenshot_20250709-124954__L3.png;HW_HERO_0014;folio__appearance_01;Folio;0.9999827268895325;HIGH;2806;L;3;visual_cluster_and_ocr;0
2806_Screenshot_20250709-124954__L4.png;HW_HERO_0033;maya__appearance_01;Maya;0.9999449253082275;HIGH;2806;L;4;visual_cluster_and_ocr;0
2806_Screenshot_20250709-124954__L5.png;HW_HERO_0036;nebula__appearance_01;Nébula;0.9999230081578013;HIGH;2806;L;5;visual_cluster_and_ocr;0
2806_Screenshot_20250709-124954__R1.png;HW_HERO_0025;karkh__appearance_01;K'arkh;0.9958119358335148;HIGH;2806;R;1;visual_cluster_and_ocr;0
2806_Screenshot_20250709-124954__R2.png;HW_HERO_0015;galaad__appearance_01;Galaad;0.9999920186067003;HIGH;2806;R;2;visual_cluster_and_ocr;0
2806_Screenshot_20250709-124954__R3.png;HW_HERO_0041;phobos__appearance_01;Phobos;0.9973859578382497;HIGH;2806;R;3;visual_cluster_and_ocr;0
2806_Screenshot_20250709-124954__R4.png;HW_HERO_0033;maya__appearance_01;Maya;0.9999351501464844;HIGH;2806;R;4;visual_cluster_and_ocr;0
2806_Screenshot_20250709-124954__R5.png;HW_HERO_0011;dorian__appearance_01;Dorian;0.9999758611081432;HIGH;2806;R;5;visual_cluster_and_ocr;0
2807_Screenshot_20250709-124710__L1.png;HW_HERO_0027;keira__appearance_01;Keira;0.9999951486052463;HIGH;2807;L;1;visual_cluster_and_ocr;0
2807_Screenshot_20250709-124710__L2.png;HW_HERO_0014;folio__appearance_01;Folio;0.9999908303284581;HIGH;2807;L;2;visual_cluster_and_ocr;0
2807_Screenshot_20250709-124710__L3.png;HW_HERO_0006;celeste__appearance_01;Céleste;0.9983804575570262;HIGH;2807;L;3;visual_cluster_and_ocr;0
2807_Screenshot_20250709-124710__L4.png;HW_HERO_0002;andvari__appearance_01;Andvari;0.9999782825094796;HIGH;2807;L;4;visual_cluster_and_ocr;0
2807_Screenshot_20250709-124710__L5.png;HW_HERO_0032;martha__appearance_01;Martha;0.9999941599575274;HIGH;2807;L;5;visual_cluster_and_ocr;0
2807_Screenshot_20250709-124710__R1.png;HW_HERO_0005;cascade__appearance_01;Cascade;0.9999738218442348;HIGH;2807;R;1;visual_cluster_and_ocr;0
2807_Screenshot_20250709-124710__R2.png;HW_HERO_0010;dante__appearance_01;Dante;0.997455448440831;HIGH;2807;R;2;visual_cluster_and_ocr;0
2807_Screenshot_20250709-124710__R3.png;HW_HERO_0008;corvus__appearance_01;Corvus;0.7805770522824172;MEDIUM;2807;R;3;visual_cluster_and_ocr;0
2807_Screenshot_20250709-124710__R4.png;HW_HERO_0037;octavia__appearance_01;Octavia;0.9998513988569151;HIGH;2807;R;4;visual_cluster_and_ocr;0
2807_Screenshot_20250709-124710__R5.png;HW_HERO_0036;nebula__appearance_01;Nébula;0.9999145399471803;HIGH;2807;R;5;visual_cluster_and_ocr;0
2808_Screenshot_20250709-124612__L1.png;HW_HERO_0027;keira__appearance_01;Keira;0.9999951486052463;HIGH;2808;L;1;visual_cluster_and_ocr;0
2808_Screenshot_20250709-124612__L2.png;HW_HERO_0021;jhu__appearance_01;Jhu;0.9999737775246902;HIGH;2808;L;2;visual_cluster_and_ocr;0
2808_Screenshot_20250709-124612__L3.png;HW_HERO_0002;andvari__appearance_01;Andvari;0.7061800784590305;MEDIUM;2808;L;3;visual_cluster_and_ocr;0
2808_Screenshot_20250709-124612__L4.png;HW_HERO_0006;celeste__appearance_01;Céleste;0.9993489948794073;HIGH;2808;L;4;visual_cluster_and_ocr;0
2808_Screenshot_20250709-124612__L5.png;HW_HERO_0032;martha__appearance_01;Martha;0.9999941599575274;HIGH;2808;L;5;visual_cluster_and_ocr;0
2808_Screenshot_20250709-124612__R1.png;HW_HERO_0019;ishmael__appearance_01;Ishmaël;0.999852254978525;HIGH;2808;R;1;visual_cluster_and_ocr;0
2808_Screenshot_20250709-124612__R2.png;HW_HERO_0052;yasmine__appearance_01;Yasmine;0.9995795485708842;HIGH;2808;R;2;visual_cluster_and_ocr;0
2808_Screenshot_20250709-124612__R3.png;HW_HERO_0046;sebastien__appearance_01;Sébastien;0.9988392003735095;HIGH;2808;R;3;visual_cluster_and_ocr;0
2808_Screenshot_20250709-124612__R4.png;HW_HERO_0003;astaroth__appearance_01;Astaroth;0.9761962442488433;HIGH;2808;R;4;visual_cluster_and_ocr;0
2808_Screenshot_20250709-124612__R5.png;HW_HERO_0013;fafnir__appearance_01;Fafnir;0.9999954253007136;HIGH;2808;R;5;visual_cluster_and_ocr;0
2809_Screenshot_20250709-175158__L1.png;HW_HERO_0043;qing_mao__appearance_01;Qing Mao;0.7463197656715577;MEDIUM;2809;L;1;visual_cluster_and_ocr;0
2809_Screenshot_20250709-175158__L2.png;HW_HERO_0019;ishmael__appearance_01;Ishmaël;0.9997177959261265;HIGH;2809;L;2;visual_cluster_and_ocr;0
2809_Screenshot_20250709-175158__L3.png;HW_HERO_0050;tristan__appearance_01;Tristan;0.9999843201673558;HIGH;2809;L;3;visual_cluster_and_ocr;0
2809_Screenshot_20250709-175158__L4.png;HW_HERO_0015;galaad__appearance_01;Galaad;0.9524348905436844;HIGH;2809;L;4;visual_cluster_and_ocr;0
2809_Screenshot_20250709-175158__L5.png;HW_HERO_0013;fafnir__appearance_01;Fafnir;0.9999920186067003;HIGH;2809;L;5;visual_cluster_and_ocr;0
2809_Screenshot_20250709-175158__R1.png;HW_HERO_0051;xesha__appearance_01;Xe'Sha;0.7986422592543619;MEDIUM;2809;R;1;visual_cluster_and_ocr;0
2809_Screenshot_20250709-175158__R2.png;HW_HERO_0030;lian__appearance_01;Lian;0.9899550080299377;HIGH;2809;R;2;visual_cluster_and_ocr;0
2809_Screenshot_20250709-175158__R3.png;HW_HERO_0022;jorgen__appearance_01;Jorgen;0.9999982966550706;HIGH;2809;R;3;visual_cluster_and_ocr;0
2809_Screenshot_20250709-175158__R4.png;HW_HERO_0003;astaroth__appearance_01;Astaroth;0.9761962442488433;HIGH;2809;R;4;visual_cluster_and_ocr;0
2809_Screenshot_20250709-175158__R5.png;HW_HERO_0001;aidan__appearance_01;Aidan;0.999973770448018;HIGH;2809;R;5;visual_cluster_and_ocr;0
2810_Screenshot_20250709-175224__L1.png;HW_HERO_0003;astaroth__appearance_02;Astaroth;0.9888262360824831;HIGH;2810;L;1;visual_cluster_and_ocr;0
2810_Screenshot_20250709-175224__L2.png;HW_HERO_0031;lilith__appearance_01;Lilith;0.9065313532314917;HIGH;2810;L;2;visual_cluster_and_ocr;0
2810_Screenshot_20250709-175224__L3.png;HW_HERO_0001;aidan__appearance_01;Aidan;0.9999771824268544;HIGH;2810;L;3;visual_cluster_and_ocr;0
2810_Screenshot_20250709-175224__L4.png;HW_HERO_0051;xesha__appearance_01;Xe'Sha;0.999769166484732;HIGH;2810;L;4;visual_cluster_and_ocr;0
2810_Screenshot_20250709-175224__L5.png;HW_HERO_0026;kayla__appearance_01;Kayla;0.9999784619185637;HIGH;2810;L;5;visual_cluster_and_ocr;0
2810_Screenshot_20250709-175224__R1.png;HW_HERO_0018;iris__appearance_01;Iris;0.9984111189842224;HIGH;2810;R;1;visual_cluster_and_ocr;0
2810_Screenshot_20250709-175224__R2.png;HW_HERO_0038;orion__appearance_01;Orion;0.9999301076600385;HIGH;2810;R;2;visual_cluster_and_ocr;0
2810_Screenshot_20250709-175224__R3.png;HW_HERO_0010;dante__appearance_01;Dante;0.9999809675892679;HIGH;2810;R;3;visual_cluster_and_ocr;0
2810_Screenshot_20250709-175224__R4.png;HW_HERO_0049;tempus__appearance_01;Tempus;0.9999495807140754;HIGH;2810;R;4;visual_cluster_and_ocr;0
2810_Screenshot_20250709-175224__R5.png;HW_HERO_0037;octavia__appearance_01;Octavia;0.7248149780670021;MEDIUM;2810;R;5;visual_cluster_and_ocr;0
2818_Screenshot_20250709-175413__R3.png;HW_HERO_0071;kai__appearance_01;Kaï;0.9997743245468785;HIGH;2818;R;3;human_reviewed_batch_001;1
2818_Screenshot_20250709-175413__R4.png;HW_HERO_0067;arachne__appearance_01;Arachné;0.8951751703892412;HIGH;2818;R;4;human_reviewed_batch_001;1
2818_Screenshot_20250709-175413__R5.png;HW_HERO_0062;luther__appearance_01;Luther;0.9977274983060211;HIGH;2818;R;5;human_reviewed_batch_001;1
6110_Screenshot_2025.08.14_19.21.55.241__R1.png;HW_HERO_0023;juge__appearance_01;Judge;0.9999965880303531;HIGH;6110;R;1;human_reviewed_batch_001;1
6110_Screenshot_2025.08.14_19.21.55.241__R2.png;HW_HERO_0056;isaac__appearance_01;Isaac;0.9997791787559077;HIGH;6110;R;2;human_reviewed_batch_001;1
6626_Screenshot_20250818_190245_Hero_Wars__L3.png;HW_HERO_0031;lilith__appearance_01;Lilith;0.8372496055758502;MEDIUM;6626;L;3;human_reviewed_batch_001;1
23003_Screenshot_20260120_101255_Hero_Wars__R4.png;HW_HERO_0023;juge__appearance_01;Judge;0.9999988804476111;HIGH;23003;R;4;human_reviewed_batch_001;1
23796_Screenshot_20260202_005206_Hero_Wars__R5.png;HW_HERO_0054;amira__appearance_01;Amira;0.9999708382776078;HIGH;23796;R;5;human_reviewed_batch_001;1
24054_Screenshot_2026-02-01-02-25-51-718_com.nexters.herowars__L2.png;HW_HERO_0058;cornelius__appearance_01;Cornélius;0.9998981529370438;HIGH;24054;L;2;human_reviewed_batch_001;1
24109_IMG_0216__L2.png;HW_HERO_0056;isaac__appearance_01;Isaac;0.9996003637089201;HIGH;24109;L;2;human_reviewed_batch_001;1
24109_IMG_0216__L4.png;HW_HERO_0023;juge__appearance_01;Judge;0.9999968545905313;HIGH;24109;L;4;human_reviewed_batch_001;1
24231_IMG_3632__L3.png;HW_HERO_0068;astrid_and_lucas__appearance_01;Astrid and Lucas;0.8829614541914917;HIGH;24231;L;3;human_reviewed_batch_001;1
24489_Screenshot_20260207-102123__L3.png;HW_HERO_0056;isaac__appearance_01;Isaac;0.9997807248445032;HIGH;24489;L;3;human_reviewed_batch_001;1
24489_Screenshot_20260207-102123__R3.png;HW_HERO_0056;isaac__appearance_01;Isaac;0.9983566576169312;HIGH;24489;R;3;human_reviewed_batch_001;1
24931_Screenshot_20260219_234620_Hero_Wars__R1.png;HW_HERO_0059;artemis__appearance_01;Artemis;0.9999830585681754;HIGH;24931;R;1;human_reviewed_batch_001;1
24931_Screenshot_20260219_234620_Hero_Wars__R3.png;HW_HERO_0062;luther__appearance_01;Luther;0.9993631468695687;HIGH;24931;R;3;human_reviewed_batch_001;1
25048_Screenshot_2026-02-20-20-55-07-685_com.nexters.herowars__R4.png;HW_HERO_0021;jhu__appearance_02;Jhu;0.9999882308461432;HIGH;25048;R;4;human_reviewed_batch_001;1
25278_Screenshot_20260209_191952_Hero_Wars__R1.png;HW_HERO_0058;cornelius__appearance_01;Cornélius;0.9999059416587668;HIGH;25278;R;1;human_reviewed_batch_001;1
25450_Screenshot_20260220_190543_Hero_Wars__L2.png;HW_HERO_0056;isaac__appearance_01;Isaac;0.9995642163802165;HIGH;25450;L;2;human_reviewed_batch_001;1
25470_IMG_3791__L2.png;HW_HERO_0061;lara_croft__appearance_01;Lara Croft;0.9827118243408032;HIGH;25470;L;2;human_reviewed_batch_001;1
25470_IMG_3791__L4.png;HW_HERO_0023;juge__appearance_01;Judge;0.9999968012784963;HIGH;25470;L;4;human_reviewed_batch_001;1
25470_IMG_3791__R1.png;HW_HERO_0057;drayne__appearance_01;Drayne;0.9998842683958116;HIGH;25470;R;1;human_reviewed_batch_001;1
25507_Screenshot_20260225_152852_Hero_Wars__L1.png;HW_HERO_0056;isaac__appearance_01;Isaac;0.9997300236541287;HIGH;25507;L;1;human_reviewed_batch_001;1
25507_Screenshot_20260225_152852_Hero_Wars__R5.png;HW_HERO_0054;amira__appearance_01;Amira;0.9999701985312017;HIGH;25507;R;5;human_reviewed_batch_001;1
26186_Screenshot_20260202_095838_Hero_Wars__R1.png;HW_HERO_0066;faceless__appearance_01;Faceless;0.9000397431290671;HIGH;26186;R;1;human_reviewed_batch_001;1
26315_Screenshot_2026-02-28-00-11-23-143_com.nexters.herowars__L2.png;HW_HERO_0058;cornelius__appearance_01;Cornélius;0.9963385987655341;HIGH;26315;L;2;human_reviewed_batch_001;1
26360_Screenshot_20260213-072648__R2.png;HW_HERO_0073;lars__appearance_01;Lars;0.9954628944396973;HIGH;26360;R;2;human_reviewed_batch_001;1
26360_Screenshot_20260213-072648__R4.png;HW_HERO_0072;krista__appearance_01;Krista;0.9999908505967238;HIGH;26360;R;4;human_reviewed_batch_001;1
26876_Screenshot_20260305_235000_Hero_Wars__L3.png;HW_HERO_0063;alvanor__appearance_01;Alvanor;0.999929980822734;HIGH;26876;L;3;human_reviewed_batch_001;1
27024_Screenshot_20260308_124143_Hero_Wars__L5.png;HW_HERO_0023;juge__appearance_01;Judge;0.9999987205115435;HIGH;27024;L;5;human_reviewed_batch_001;1
27024_Screenshot_20260308_124143_Hero_Wars__R4.png;HW_HERO_0015;galaad__appearance_01;Galahad;0.999985221309313;HIGH;27024;R;4;human_reviewed_batch_001;1
27337_Screenshot_20260309_020952_Hero_Wars__L2.png;HW_HERO_0064;helios__appearance_01;Helios;0.9999919212725472;HIGH;27337;L;2;human_reviewed_batch_001;1
27591_Screenshot_20260316_212051_Hero_Wars__L5.png;HW_HERO_0041;phobos__appearance_02;Phobos;0.9999933812846186;HIGH;27591;L;5;human_reviewed_batch_001;1
27682_IMG_0872__R1.png;HW_HERO_0059;artemis__appearance_01;Artemis;0.9999802199681402;HIGH;27682;R;1;human_reviewed_batch_001;1
27763_IMG_4114__L3.png;HW_HERO_0068;astrid_and_lucas__appearance_01;Astrid and Lucas;0.8381377649413765;MEDIUM;27763;L;3;human_reviewed_batch_001;1
27763_IMG_4114__R3.png;HW_HERO_0060;cleaver__appearance_01;Cleaver;0.9996996813581689;HIGH;27763;R;3;human_reviewed_batch_001;1
28019_Screenshot_20260318-061104__L3.png;HW_HERO_0056;isaac__appearance_01;Isaac;0.9997342887501841;HIGH;28019;L;3;human_reviewed_batch_001;1
28116_IMG_4138__L5.png;HW_HERO_0063;alvanor__appearance_01;Alvanor;0.9998913209075451;HIGH;28116;L;5;human_reviewed_batch_001;1
28116_IMG_4138__R3.png;HW_HERO_0056;isaac__appearance_01;Isaac;0.999712270168722;HIGH;28116;R;3;human_reviewed_batch_001;1
28116_IMG_4138__R4.png;HW_HERO_0059;artemis__appearance_01;Artemis;0.7719217085350439;MEDIUM;28116;R;4;human_reviewed_batch_001;1
28134_IMG_0993__L5.png;HW_HERO_0054;amira__appearance_01;Amira;0.9999697720335707;HIGH;28134;L;5;human_reviewed_batch_001;1
28207_Screenshot_20260322_235622_Hero_Wars__R2.png;HW_HERO_0067;arachne__appearance_02;Arachné;0.6265378339063293;MEDIUM;28207;R;2;human_reviewed_batch_001;1
28434_Screenshot_20260326_192112_Hero_Wars__L4.png;HW_HERO_0054;amira__appearance_01;Amira;0.9999858189921425;HIGH;28434;L;4;human_reviewed_batch_001;1
28473_Screenshot_20260331_142923_Hero_Wars__R2.png;HW_HERO_0056;isaac__appearance_01;Isaac;0.9997938399295159;HIGH;28473;R;2;human_reviewed_batch_001;1
29109_Screenshot_2026-03-31-17-47-40-093_com.nexters.herowars__L1.png;HW_HERO_0070;heidi__appearance_01;Heidi;0.9999912035129588;HIGH;29109;L;1;human_reviewed_batch_001;1
29109_Screenshot_2026-03-31-17-47-40-093_com.nexters.herowars__R4.png;HW_HERO_0055;morrigan__appearance_01;Morrigan;0.999993298641786;HIGH;29109;R;4;human_reviewed_batch_001;1
29255_IMG_6294__R1.png;HW_HERO_0056;isaac__appearance_01;Isaac;0.9995656025638082;HIGH;29255;R;1;human_reviewed_batch_001;1
29255_IMG_6294__R5.png;HW_HERO_0068;astrid_and_lucas__appearance_01;Astrid et Lucas;0.7837262144586157;MEDIUM;29255;R;5;human_reviewed_batch_001;1
29768_IMG_2174__R3.png;HW_HERO_0064;helios__appearance_01;Helios;0.9999919699396239;HIGH;29768;R;3;human_reviewed_batch_001;1
29768_IMG_2174__R4.png;HW_HERO_0066;faceless__appearance_01;Sin rostro;0.9812986042249487;HIGH;29768;R;4;human_reviewed_batch_001;1
29938_Screenshot_20260406_103711_Hero_Wars__L3.png;HW_HERO_0062;luther__appearance_01;Luther;0.9937602219040222;HIGH;29938;L;3;human_reviewed_batch_001;1
30350_Screenshot_20260402_175211_Hero_Wars__L5.png;HW_HERO_0055;morrigan__appearance_01;Morrigan;0.9795014174520256;HIGH;30350;L;5;human_reviewed_batch_001;1
30350_Screenshot_20260402_175211_Hero_Wars__R1.png;HW_HERO_0069;aurore__appearance_01;Aurore;0.9840759155750357;HIGH;30350;R;1;human_reviewed_batch_001;1
30350_Screenshot_20260402_175211_Hero_Wars__R4.png;HW_HERO_0055;morrigan__appearance_01;Morrigan;0.9999934672296421;HIGH;30350;R;4;human_reviewed_batch_001;1
30350_Screenshot_20260402_175211_Hero_Wars__R5.png;HW_HERO_0074;thea__appearance_01;Théa;0.9999236464500427;HIGH;30350;R;5;human_reviewed_batch_001;1
30628_Screenshot_20260408-071912__L2.png;HW_HERO_0056;isaac__appearance_01;Isaac;0.9998293465211795;HIGH;30628;L;2;human_reviewed_batch_001;1
30628_Screenshot_20260408-071912__R3.png;HW_HERO_0056;isaac__appearance_01;Isaac;0.9983529250505259;HIGH;30628;R;3;human_reviewed_batch_001;1
30662_Screenshot_20260415_165146_Hero_Wars__R2.png;HW_HERO_0021;jhu__appearance_02;Jhu;0.9999805912298881;HIGH;30662;R;2;human_reviewed_batch_001;1
30777_Screenshot_20260416-001522__L1.png;HW_HERO_0057;drayne__appearance_01;Drayne;0.9999303569941854;HIGH;30777;L;1;human_reviewed_batch_001;1
30777_Screenshot_20260416-001522__R3.png;HW_HERO_0054;amira__appearance_01;Amira;0.9999821937682789;HIGH;30777;R;3;human_reviewed_batch_001;1
30832_Screenshot_20260417_170710_com_nexters_herowars_MessagingUnityPlayerActivity__R3.png;HW_HERO_0068;astrid_and_lucas__appearance_01;Astrid et Lucas;0.7783281079047393;MEDIUM;30832;R;3;human_reviewed_batch_001;1
31071_Screenshot_2026-04-20-21-53-46-223_com.nexters.herowars__R1.png;HW_HERO_0057;drayne__appearance_01;Drayne;0.999888551200154;HIGH;31071;R;1;human_reviewed_batch_001;1
31318_Screenshot_2026-04-26-12-52-45-89_b7069e849b44f49c61683e78ed778d97__L5.png;HW_HERO_0054;amira__appearance_01;Amira;0.9999660934906123;HIGH;31318;L;5;human_reviewed_batch_001;1
31318_Screenshot_2026-04-26-12-52-45-89_b7069e849b44f49c61683e78ed778d97__R1.png;HW_HERO_0066;faceless__appearance_01;Faceless;0.9999800847966451;HIGH;31318;R;1;human_reviewed_batch_001;1
31318_Screenshot_2026-04-26-12-52-45-89_b7069e849b44f49c61683e78ed778d97__R2.png;HW_HERO_0041;phobos__appearance_02;Phobos;0.9999757637736367;HIGH;31318;R;2;human_reviewed_batch_001;1
31318_Screenshot_2026-04-26-12-52-45-89_b7069e849b44f49c61683e78ed778d97__R3.png;HW_HERO_0060;cleaver__appearance_01;Coupe-chou;0.9999578916148437;HIGH;31318;R;3;human_reviewed_batch_001;1
32240_Screenshot_20260413_000732_Hero_Wars__R1.png;HW_HERO_0061;lara_croft__appearance_01;Lara Croft;0.9935147249487757;HIGH;32240;R;1;human_reviewed_batch_001;1
32626_Screenshot_20260501-151301__R5.png;HW_HERO_0055;morrigan__appearance_01;Morrigan;0.9999795586919329;HIGH;32626;R;5;human_reviewed_batch_001;1
33018_Screenshot_20260503_010810_Hero_Wars__L1.png;HW_HERO_0056;isaac__appearance_01;Isaac;0.9998722634490728;HIGH;33018;L;1;human_reviewed_batch_001;1
33018_Screenshot_20260503_010810_Hero_Wars__R4.png;HW_HERO_0054;amira__appearance_01;Amira;0.9999680660428322;HIGH;33018;R;4;human_reviewed_batch_001;1
33468_IMG_4582__L1.png;HW_HERO_0007;champi_et_gnon__appearance_01;Mushy and Shroom;0.9948059209673202;HIGH;33468;L;1;human_reviewed_batch_001;1
33680_Screenshot_20260519_145831_com_nexters_herowars_MessagingUnityPlayerActivity__L4.png;HW_HERO_0063;alvanor__appearance_01;Alvanor;0.7050370975793675;MEDIUM;33680;L;4;human_reviewed_batch_001;1
33728_Screenshot_20260521_072748_Hero_Wars__L3.png;HW_HERO_0055;morrigan__appearance_01;Morrigan;0.6867553986999448;MEDIUM;33728;L;3;human_reviewed_batch_001;1
33728_Screenshot_20260521_072748_Hero_Wars__R3.png;HW_HERO_0041;phobos__appearance_02;Phobos;0.9999891472482919;HIGH;33728;R;3;human_reviewed_batch_001;1
33849_Hero_Wars_2026-05-17-07-45-45__L3.png;HW_HERO_0057;drayne__appearance_01;Drayne;0.9999515274152554;HIGH;33849;L;3;human_reviewed_batch_001;1
33961_Screenshot_2026-05-23-00-53-53-522_com.nexters.herowars__L3.png;HW_HERO_0065;peppy__appearance_01;Peppy;0.9997146159767352;HIGH;33961;L;3;human_reviewed_batch_001;1
33961_Screenshot_2026-05-23-00-53-53-522_com.nexters.herowars__L5.png;HW_HERO_0055;morrigan__appearance_01;Morrigan;0.9797818456229719;HIGH;33961;L;5;human_reviewed_batch_001;1
33961_Screenshot_2026-05-23-00-53-53-522_com.nexters.herowars__R1.png;HW_HERO_0075;trompelamort__appearance_01;Trompelamort;0.9999770464977643;HIGH;33961;R;1;human_reviewed_batch_001;1
34145_Screenshot_20260519_184844_Hero_Wars__L3.png;HW_HERO_0055;morrigan__appearance_01;Morrigan;0.9999833097902971;HIGH;34145;L;3;human_reviewed_batch_001;1
34333_Screenshot_2026-05-28-22-15-21-583_com.nexters.herowars__L2.png;HW_HERO_0058;cornelius__appearance_01;Cornélius;0.996136891589296;HIGH;34333;L;2;human_reviewed_batch_001;1
34508_Screenshot_20260525_012845_Hero_Wars__L1.png;HW_HERO_0061;lara_croft__appearance_01;Lara Croft;0.9935010440344403;HIGH;34508;L;1;human_reviewed_batch_001;1
34508_Screenshot_20260525_012845_Hero_Wars__L2.png;HW_HERO_0023;juge__appearance_01;Judge;0.999997174462734;HIGH;34508;L;2;human_reviewed_batch_001;1
34508_Screenshot_20260525_012845_Hero_Wars__L5.png;HW_HERO_0056;isaac__appearance_01;Isaac;0.9997821643060455;HIGH;34508;L;5;human_reviewed_batch_001;1
35316_IMG_4656__L3.png;HW_HERO_0041;phobos__appearance_02;Phobos;0.999961017571312;HIGH;35316;L;3;human_reviewed_batch_001;1
35379_A31BEF3C-9F1D-4D7C-AD12-C22FFFC3AE9B__L3.png;HW_HERO_0062;luther__appearance_01;Luther;0.7594535595067468;MEDIUM;35379;L;3;human_reviewed_batch_001;1
35444_IMG_4662__R3.png;HW_HERO_0057;drayne__appearance_01;Drayne;0.999915367301802;HIGH;35444;R;3;human_reviewed_batch_001;1
35456_8AAF3940-A958-4C51-8E39-E57D829FCBDA__L2.png;HW_HERO_0056;isaac__appearance_01;Isaac;0.9996436016826349;HIGH;35456;L;2;human_reviewed_batch_001;1
35456_8AAF3940-A958-4C51-8E39-E57D829FCBDA__L5.png;HW_HERO_0023;juge__appearance_01;Judge;0.9999959482858912;HIGH;35456;L;5;human_reviewed_batch_001;1
35456_8AAF3940-A958-4C51-8E39-E57D829FCBDA__R2.png;HW_HERO_0007;champi_et_gnon__appearance_01;Mushy and Shroom;0.9830286076841405;HIGH;35456;R;2;human_reviewed_batch_001;1
35576_Screenshot_20260609_075918_Hero_Wars__L2.png;HW_HERO_0055;morrigan__appearance_01;Morrigan;0.8857458947821623;HIGH;35576;L;2;human_reviewed_batch_001;1
35576_Screenshot_20260609_075918_Hero_Wars__R2.png;HW_HERO_0041;phobos__appearance_02;Phobos;0.99998603255233;HIGH;35576;R;2;human_reviewed_batch_001;1
36111_Hero_Wars_2026-06-14-06-27-11__R4.png;HW_HERO_0055;morrigan__appearance_01;Morrigan;0.9175108880069979;HIGH;36111;R;4;human_reviewed_batch_001;1
36129_Hero_Wars_2026-06-15-09-10-09__L2.png;HW_HERO_0054;amira__appearance_01;Amira;0.9999842729409785;HIGH;36129;L;2;human_reviewed_batch_001;1
36168_DE167D9D-293E-4B01-913B-DFE26AC97FC6__L5.png;HW_HERO_0054;amira__appearance_01;Amira;0.9999759562471182;HIGH;36168;L;5;human_reviewed_batch_001;1
36184_1610F51E-B3B9-4F19-A124-88CA72E57D62__R3.png;HW_HERO_0059;artemis__appearance_01;Artemis;0.9999708931211356;HIGH;36184;R;3;human_reviewed_batch_001;1
36265_IMG_4806__L3.png;HW_HERO_0041;phobos__appearance_02;Phobos;0.9972221685623889;HIGH;36265;L;3;human_reviewed_batch_001;1
36850_Screenshot_20260609_191547_Hero_Wars__L2.png;HW_HERO_0061;lara_croft__appearance_01;Lara Croft;0.7964297886029009;MEDIUM;36850;L;2;human_reviewed_batch_001;1
36850_Screenshot_20260609_191547_Hero_Wars__R3.png;HW_HERO_0066;faceless__appearance_01;Faceless;0.9999793638819048;HIGH;36850;R;3;human_reviewed_batch_001;1
37053_Screenshot_20260622_211945_Hero_Wars__L5.png;HW_HERO_0023;juge__appearance_01;Judge;0.9994366926104983;HIGH;37053;L;5;human_reviewed_batch_001;1
37110_IMG_7320__L2.png;HW_HERO_0060;cleaver__appearance_01;Coupe-chou;0.9998932756699294;HIGH;37110;L;2;human_reviewed_batch_001;1
37110_IMG_7320__R2.png;HW_HERO_0060;cleaver__appearance_01;Coupe-chou;0.9998665841279912;HIGH;37110;R;2;human_reviewed_batch_001;1
37110_IMG_7320__R3.png;HW_HERO_0031;lilith__appearance_01;Lilith;0.6814514313684826;MEDIUM;37110;R;3;human_reviewed_batch_001;1
37110_IMG_7320__R5.png;HW_HERO_0065;peppy__appearance_01;Peppy;0.999908302837955;HIGH;37110;R;5;human_reviewed_batch_001;1
37640_IMG_4894__L2.png;HW_HERO_0007;champi_et_gnon__appearance_01;Mushy and Shroom;0.8936576407083828;HIGH;37640;L;2;human_reviewed_batch_001;1
37640_IMG_4894__L4.png;HW_HERO_0041;phobos__appearance_02;Phobos;0.9998006555487123;HIGH;37640;L;4;human_reviewed_batch_001;1
38049_Screenshot_2026-07-16-02-59-08-824_com.nexters.herowars__R1.png;HW_HERO_0057;drayne__appearance_01;Drayne;0.9999201367548566;HIGH;38049;R;1;human_reviewed_batch_001;1
38059_Screenshot_20260721_132012_Hero_Wars__R2.png;HW_HERO_0057;drayne__appearance_01;Drayne;0.9999450546305391;HIGH;38059;R;2;human_reviewed_batch_001;1
38083_B636B8D3-B852-4FDA-8049-4181C84F9302__L2.png;HW_HERO_0064;helios__appearance_01;Helios;0.771321517473394;MEDIUM;38083;L;2;human_reviewed_batch_001;1
38226_Screenshot_2026-07-28-03-54-24-668_com.nexters.herowars__L1.png;HW_HERO_0014;folio__appearance_01;Folio;0.9999908836405307;HIGH;38226;L;1;visual_cluster_and_ocr;0
38226_Screenshot_2026-07-28-03-54-24-668_com.nexters.herowars__L2.png;HW_HERO_0030;lian__appearance_01;Lian;0.9959233999252319;HIGH;38226;L;2;visual_cluster_and_ocr;0
38226_Screenshot_2026-07-28-03-54-24-668_com.nexters.herowars__L3.png;HW_HERO_0004;byrna__appearance_01;Byrna;0.9999815007105989;HIGH;38226;L;3;visual_cluster_and_ocr;0
38226_Screenshot_2026-07-28-03-54-24-668_com.nexters.herowars__L4.png;HW_HERO_0024;julius__appearance_01;Julius;0.9999993673291024;HIGH;38226;L;4;visual_cluster_and_ocr;0
38226_Screenshot_2026-07-28-03-54-24-668_com.nexters.herowars__L5.png;HW_HERO_0049;tempus__appearance_01;Tempus;0.9999631589370589;HIGH;38226;L;5;visual_cluster_and_ocr;0
38226_Screenshot_2026-07-28-03-54-24-668_com.nexters.herowars__R1.png;HW_HERO_0029;leonel__appearance_01;Leonel;0.9939908188186171;HIGH;38226;R;1;visual_cluster_and_ocr;0
38226_Screenshot_2026-07-28-03-54-24-668_com.nexters.herowars__R2.png;HW_HERO_0052;yasmine__appearance_01;Yasmine;0.716179070112916;MEDIUM;38226;R;2;visual_cluster_and_ocr;0
38226_Screenshot_2026-07-28-03-54-24-668_com.nexters.herowars__R3.png;HW_HERO_0039;oya__appearance_01;Oya;0.9997753568984642;HIGH;38226;R;3;visual_cluster_and_ocr;0
38226_Screenshot_2026-07-28-03-54-24-668_com.nexters.herowars__R4.png;HW_HERO_0012;electra_von_grave__appearance_01;Electra von Grave;0.7915035160632098;MEDIUM;38226;R;4;visual_cluster_and_ocr;0
38226_Screenshot_2026-07-28-03-54-24-668_com.nexters.herowars__R5.png;HW_HERO_0004;byrna__appearance_01;Byrna;0.9999728641409087;HIGH;38226;R;5;visual_cluster_and_ocr;0
38227_Screenshot_2026-07-28-03-54-03-254_com.nexters.herowars__L1.png;HW_HERO_0007;champi_et_gnon__appearance_01;Champi et Gnon;0.982736217960711;HIGH;38227;L;1;visual_cluster_and_ocr;0
38227_Screenshot_2026-07-28-03-54-03-254_com.nexters.herowars__L2.png;HW_HERO_0051;xesha__appearance_01;Xe'Sha;0.9996996172058181;HIGH;38227;L;2;visual_cluster_and_ocr;0
38227_Screenshot_2026-07-28-03-54-03-254_com.nexters.herowars__L3.png;HW_HERO_0030;lian__appearance_01;Lian;0.9975923299789429;HIGH;38227;L;3;visual_cluster_and_ocr;0
38227_Screenshot_2026-07-28-03-54-03-254_com.nexters.herowars__L4.png;HW_HERO_0049;tempus__appearance_01;Tempus;0.9999637916131051;HIGH;38227;L;4;visual_cluster_and_ocr;0
38227_Screenshot_2026-07-28-03-54-03-254_com.nexters.herowars__L5.png;HW_HERO_0001;aidan__appearance_01;Aidan;0.711967069457001;MEDIUM;38227;L;5;visual_cluster_and_ocr;0
38227_Screenshot_2026-07-28-03-54-03-254_com.nexters.herowars__R1.png;HW_HERO_0026;kayla__appearance_01;Kayla;0.9999711581507927;HIGH;38227;R;1;visual_cluster_and_ocr;0
38227_Screenshot_2026-07-28-03-54-03-254_com.nexters.herowars__R2.png;HW_HERO_0045;satori__appearance_01;Satori;0.999991580602995;HIGH;38227;R;2;visual_cluster_and_ocr;0
38227_Screenshot_2026-07-28-03-54-03-254_com.nexters.herowars__R3.png;HW_HERO_0014;folio__appearance_01;Folio;0.9999765959930895;HIGH;38227;R;3;visual_cluster_and_ocr;0
38227_Screenshot_2026-07-28-03-54-03-254_com.nexters.herowars__R4.png;HW_HERO_0024;julius__appearance_01;Julius;0.6948556232051449;MEDIUM;38227;R;4;visual_cluster_and_ocr;0
38227_Screenshot_2026-07-28-03-54-03-254_com.nexters.herowars__R5.png;HW_HERO_0048;somna__appearance_01;Somna;0.9999047842061495;HIGH;38227;R;5;visual_cluster_and_ocr;0
38228_Screenshot_2026-07-27-01-27-44-005_com.nexters.herowars__L1.png;HW_HERO_0018;iris__appearance_01;Iris;0.9982748031616211;HIGH;38228;L;1;visual_cluster_and_ocr;0
38228_Screenshot_2026-07-27-01-27-44-005_com.nexters.herowars__L2.png;HW_HERO_0017;guus__appearance_01;Guus;0.9999343752861023;HIGH;38228;L;2;visual_cluster_and_ocr;0
38228_Screenshot_2026-07-27-01-27-44-005_com.nexters.herowars__L3.png;HW_HERO_0001;aidan__appearance_01;Aidan;0.9999760628714502;HIGH;38228;L;3;visual_cluster_and_ocr;0
38228_Screenshot_2026-07-27-01-27-44-005_com.nexters.herowars__L4.png;HW_HERO_0049;tempus__appearance_01;Tempus;0.999969923699353;HIGH;38228;L;4;visual_cluster_and_ocr;0
38228_Screenshot_2026-07-27-01-27-44-005_com.nexters.herowars__L5.png;HW_HERO_0012;electra_von_grave__appearance_01;Electra von Grave;0.8234924843298361;MEDIUM;38228;L;5;visual_cluster_and_ocr;0
38228_Screenshot_2026-07-27-01-27-44-005_com.nexters.herowars__R1.png;HW_HERO_0018;iris__appearance_01;Iris;0.9993136525154114;HIGH;38228;R;1;visual_cluster_and_ocr;0
38228_Screenshot_2026-07-27-01-27-44-005_com.nexters.herowars__R2.png;HW_HERO_0052;yasmine__appearance_01;Yasmine;0.9999956294799149;HIGH;38228;R;2;visual_cluster_and_ocr;0
38228_Screenshot_2026-07-27-01-27-44-005_com.nexters.herowars__R3.png;HW_HERO_0004;byrna__appearance_01;Byrna;0.999973770448018;HIGH;38228;R;3;visual_cluster_and_ocr;0
38228_Screenshot_2026-07-27-01-27-44-005_com.nexters.herowars__R4.png;HW_HERO_0042;polaris__appearance_01;Polaris;0.9284671074773787;HIGH;38228;R;4;visual_cluster_and_ocr;0
38228_Screenshot_2026-07-27-01-27-44-005_com.nexters.herowars__R5.png;HW_HERO_0037;octavia__appearance_01;Octavia;0.973823244440304;HIGH;38228;R;5;visual_cluster_and_ocr;0
38229_Screenshot_2026-07-26-00-58-59-791_com.nexters.herowars__L1.png;HW_HERO_0018;iris__appearance_01;Iris;0.9993499517440796;HIGH;38229;L;1;visual_cluster_and_ocr;0
38229_Screenshot_2026-07-26-00-58-59-791_com.nexters.herowars__L2.png;HW_HERO_0034;miu__appearance_01;Miu;0.9999930486261803;HIGH;38229;L;2;visual_cluster_and_ocr;0
38229_Screenshot_2026-07-26-00-58-59-791_com.nexters.herowars__L3.png;HW_HERO_0047;soleil__appearance_02;Soleil;0.9996096736287012;HIGH;38229;L;3;visual_cluster_and_ocr;0
38229_Screenshot_2026-07-26-00-58-59-791_com.nexters.herowars__L4.png;HW_HERO_0012;electra_von_grave__appearance_01;Electra von Grave;0.981815378401662;HIGH;38229;L;4;visual_cluster_and_ocr;0
38229_Screenshot_2026-07-26-00-58-59-791_com.nexters.herowars__L5.png;HW_HERO_0036;nebula__appearance_01;Nébula;0.9998905465962237;HIGH;38229;L;5;visual_cluster_and_ocr;0
38229_Screenshot_2026-07-26-00-58-59-791_com.nexters.herowars__R1.png;HW_HERO_0029;leonel__appearance_01;Leonel;0.9939908188186171;HIGH;38229;R;1;visual_cluster_and_ocr;0
38229_Screenshot_2026-07-26-00-58-59-791_com.nexters.herowars__R2.png;HW_HERO_0052;yasmine__appearance_01;Yasmine;0.716179070112916;MEDIUM;38229;R;2;visual_cluster_and_ocr;0
38229_Screenshot_2026-07-26-00-58-59-791_com.nexters.herowars__R3.png;HW_HERO_0039;oya__appearance_01;Oya;0.9997761139563844;HIGH;38229;R;3;visual_cluster_and_ocr;0
38229_Screenshot_2026-07-26-00-58-59-791_com.nexters.herowars__R4.png;HW_HERO_0004;byrna__appearance_01;Byrna;0.9999892842782089;HIGH;38229;R;4;visual_cluster_and_ocr;0
38229_Screenshot_2026-07-26-00-58-59-791_com.nexters.herowars__R5.png;HW_HERO_0012;electra_von_grave__appearance_01;Electra von Grave;0.7371806456635347;MEDIUM;38229;R;5;visual_cluster_and_ocr;0
38230_Screenshot_2026-07-24-23-36-30-805_com.nexters.herowars__L1.png;HW_HERO_0050;tristan__appearance_01;Tristan;0.8535670676516046;HIGH;38230;L;1;visual_cluster_and_ocr;0
38230_Screenshot_2026-07-24-23-36-30-805_com.nexters.herowars__L2.png;HW_HERO_0009;crow__appearance_01;Crow;0.9999535083770752;HIGH;38230;L;2;visual_cluster_and_ocr;0
38230_Screenshot_2026-07-24-23-36-30-805_com.nexters.herowars__L3.png;HW_HERO_0004;byrna__appearance_01;Byrna;0.9999817672712517;HIGH;38230;L;3;visual_cluster_and_ocr;0
38230_Screenshot_2026-07-24-23-36-30-805_com.nexters.herowars__L4.png;HW_HERO_0017;guus__appearance_01;Guus;0.9978047531254829;HIGH;38230;L;4;visual_cluster_and_ocr;0
38230_Screenshot_2026-07-24-23-36-30-805_com.nexters.herowars__L5.png;HW_HERO_0013;fafnir__appearance_01;Fafnir;0.999989731253542;HIGH;38230;L;5;visual_cluster_and_ocr;0
38230_Screenshot_2026-07-24-23-36-30-805_com.nexters.herowars__R1.png;HW_HERO_0018;iris__appearance_01;Iris;0.9996836185455322;HIGH;38230;R;1;visual_cluster_and_ocr;0
38230_Screenshot_2026-07-24-23-36-30-805_com.nexters.herowars__R2.png;HW_HERO_0012;electra_von_grave__appearance_01;Electra von Grave;0.7418567460049824;MEDIUM;38230;R;2;visual_cluster_and_ocr;0
38230_Screenshot_2026-07-24-23-36-30-805_com.nexters.herowars__R3.png;HW_HERO_0004;byrna__appearance_01;Byrna;0.9999846461257681;HIGH;38230;R;3;visual_cluster_and_ocr;0
38230_Screenshot_2026-07-24-23-36-30-805_com.nexters.herowars__R4.png;HW_HERO_0030;lian__appearance_01;Lian;0.995439350605011;HIGH;38230;R;4;visual_cluster_and_ocr;0
38230_Screenshot_2026-07-24-23-36-30-805_com.nexters.herowars__R5.png;HW_HERO_0049;tempus__appearance_01;Tempus;0.9999787811423465;HIGH;38230;R;5;visual_cluster_and_ocr;0
38231_Screenshot_2026-07-24-23-35-05-086_com.nexters.herowars__L1.png;HW_HERO_0045;satori__appearance_01;Satori;0.6987859294258053;MEDIUM;38231;L;1;visual_cluster_and_ocr;0
38231_Screenshot_2026-07-24-23-35-05-086_com.nexters.herowars__L2.png;HW_HERO_0004;byrna__appearance_01;Byrna;0.9999906703922384;HIGH;38231;L;2;visual_cluster_and_ocr;0
38231_Screenshot_2026-07-24-23-35-05-086_com.nexters.herowars__L3.png;HW_HERO_0018;iris__appearance_01;Iris;0.9976661205291748;HIGH;38231;L;3;visual_cluster_and_ocr;0
38231_Screenshot_2026-07-24-23-35-05-086_com.nexters.herowars__L4.png;HW_HERO_0030;lian__appearance_01;Lian;0.9972763308007904;HIGH;38231;L;4;visual_cluster_and_ocr;0
38231_Screenshot_2026-07-24-23-35-05-086_com.nexters.herowars__L5.png;HW_HERO_0001;aidan__appearance_01;Aidan;0.711967069457001;MEDIUM;38231;L;5;visual_cluster_and_ocr;0
38231_Screenshot_2026-07-24-23-35-05-086_com.nexters.herowars__R1.png;HW_HERO_0026;kayla__appearance_01;Kayla;0.9999711048385962;HIGH;38231;R;1;visual_cluster_and_ocr;0
38231_Screenshot_2026-07-24-23-35-05-086_com.nexters.herowars__R2.png;HW_HERO_0014;folio__appearance_01;Folio;0.999991576697443;HIGH;38231;R;2;visual_cluster_and_ocr;0
38231_Screenshot_2026-07-24-23-35-05-086_com.nexters.herowars__R3.png;HW_HERO_0024;julius__appearance_01;Julius;0.9999985886571049;HIGH;38231;R;3;visual_cluster_and_ocr;0
38231_Screenshot_2026-07-24-23-35-05-086_com.nexters.herowars__R4.png;HW_HERO_0017;guus__appearance_01;Guus;0.9999361038208008;HIGH;38231;R;4;visual_cluster_and_ocr;0
38231_Screenshot_2026-07-24-23-35-05-086_com.nexters.herowars__R5.png;HW_HERO_0001;aidan__appearance_01;Aidan;0.9999731840140174;HIGH;38231;R;5;visual_cluster_and_ocr;0
38232_Screenshot_2026-07-24-23-30-48-292_com.nexters.herowars__L1.png;HW_HERO_0026;kayla__appearance_01;Kayla;0.9999628947563066;HIGH;38232;L;1;visual_cluster_and_ocr;0
38232_Screenshot_2026-07-24-23-30-48-292_com.nexters.herowars__L2.png;HW_HERO_0044;rufus__appearance_01;Rufus;0.9999933893075612;HIGH;38232;L;2;visual_cluster_and_ocr;0
38232_Screenshot_2026-07-24-23-30-48-292_com.nexters.herowars__L3.png;HW_HERO_0037;octavia__appearance_01;Octavia;0.9999001974109423;HIGH;38232;L;3;visual_cluster_and_ocr;0
38232_Screenshot_2026-07-24-23-30-48-292_com.nexters.herowars__L4.png;HW_HERO_0010;dante__appearance_01;Dante;0.9999865653615687;HIGH;38232;L;4;visual_cluster_and_ocr;0
38232_Screenshot_2026-07-24-23-30-48-292_com.nexters.herowars__L5.png;HW_HERO_0001;aidan__appearance_01;Aidan;0.711967069457001;MEDIUM;38232;L;5;visual_cluster_and_ocr;0
38232_Screenshot_2026-07-24-23-30-48-292_com.nexters.herowars__R1.png;HW_HERO_0018;iris__appearance_01;Iris;0.9996815919876099;HIGH;38232;R;1;visual_cluster_and_ocr;0
38232_Screenshot_2026-07-24-23-30-48-292_com.nexters.herowars__R2.png;HW_HERO_0026;kayla__appearance_01;Kayla;0.9999551644767486;HIGH;38232;R;2;visual_cluster_and_ocr;0
38232_Screenshot_2026-07-24-23-30-48-292_com.nexters.herowars__R3.png;HW_HERO_0042;polaris__appearance_01;Polaris;0.9999876093342314;HIGH;38232;R;3;visual_cluster_and_ocr;0
38232_Screenshot_2026-07-24-23-30-48-292_com.nexters.herowars__R4.png;HW_HERO_0049;tempus__appearance_01;Tempus;0.9999533767805878;HIGH;38232;R;4;visual_cluster_and_ocr;0
38232_Screenshot_2026-07-24-23-30-48-292_com.nexters.herowars__R5.png;HW_HERO_0001;aidan__appearance_01;Aidan;0.9999729707652796;HIGH;38232;R;5;visual_cluster_and_ocr;0
38233_Screenshot_20260728_194145_Hero_Wars__L1.png;HW_HERO_0045;satori__appearance_01;Satori;0.8809802046210766;HIGH;38233;L;1;visual_cluster_and_ocr;0
38233_Screenshot_20260728_194145_Hero_Wars__L2.png;HW_HERO_0014;folio__appearance_01;Folio;0.9999872051067392;HIGH;38233;L;2;visual_cluster_and_ocr;0
38233_Screenshot_20260728_194145_Hero_Wars__L3.png;HW_HERO_0024;julius__appearance_01;Julius;0.9999973233148184;HIGH;38233;L;3;visual_cluster_and_ocr;0
38233_Screenshot_20260728_194145_Hero_Wars__L4.png;HW_HERO_0042;polaris__appearance_01;Polaris;0.9068322785096837;HIGH;38233;L;4;visual_cluster_and_ocr;0
38233_Screenshot_20260728_194145_Hero_Wars__L5.png;HW_HERO_0023;juge__appearance_01;Juge;0.9999985694885254;HIGH;38233;L;5;visual_cluster_and_ocr;0
38233_Screenshot_20260728_194145_Hero_Wars__R1.png;HW_HERO_0014;folio__appearance_01;Folio;0.9998824995041083;HIGH;38233;R;1;visual_cluster_and_ocr;0
38233_Screenshot_20260728_194145_Hero_Wars__R2.png;HW_HERO_0037;octavia__appearance_01;Octavia;0.9833286783828751;HIGH;38233;R;2;visual_cluster_and_ocr;0
38233_Screenshot_20260728_194145_Hero_Wars__R3.png;HW_HERO_0030;lian__appearance_01;Lian;0.9982885122299194;HIGH;38233;R;3;visual_cluster_and_ocr;0
38233_Screenshot_20260728_194145_Hero_Wars__R4.png;HW_HERO_0024;julius__appearance_01;Julius;0.9999977126509446;HIGH;38233;R;4;visual_cluster_and_ocr;0
38233_Screenshot_20260728_194145_Hero_Wars__R5.png;HW_HERO_0042;polaris__appearance_01;Polaris;0.9999951338535366;HIGH;38233;R;5;visual_cluster_and_ocr;0
38234_Screenshot_20260728_193950_Hero_Wars__L1.png;HW_HERO_0026;kayla__appearance_01;Kayla;0.8265274449054703;MEDIUM;38234;L;1;visual_cluster_and_ocr;0
38234_Screenshot_20260728_193950_Hero_Wars__L2.png;HW_HERO_0042;polaris__appearance_01;Polaris;0.9999972515293261;HIGH;38234;L;2;visual_cluster_and_ocr;0
38234_Screenshot_20260728_193950_Hero_Wars__L3.png;HW_HERO_0017;guus__appearance_01;Guus;0.9686627028655408;HIGH;38234;L;3;visual_cluster_and_ocr;0
38234_Screenshot_20260728_193950_Hero_Wars__L4.png;HW_HERO_0037;octavia__appearance_01;Octavia;0.9997900278385705;HIGH;38234;L;4;visual_cluster_and_ocr;0
38234_Screenshot_20260728_193950_Hero_Wars__L5.png;HW_HERO_0001;aidan__appearance_01;Aidan;0.9999660401783836;HIGH;38234;L;5;visual_cluster_and_ocr;0
38234_Screenshot_20260728_193950_Hero_Wars__R1.png;HW_HERO_0018;iris__appearance_01;Iris;0.9992671012878418;HIGH;38234;R;1;visual_cluster_and_ocr;0
38234_Screenshot_20260728_193950_Hero_Wars__R2.png;HW_HERO_0037;octavia__appearance_01;Octavia;0.9833286783828751;HIGH;38234;R;2;visual_cluster_and_ocr;0
38234_Screenshot_20260728_193950_Hero_Wars__R3.png;HW_HERO_0049;tempus__appearance_01;Tempus;0.9999342504125163;HIGH;38234;R;3;visual_cluster_and_ocr;0
38234_Screenshot_20260728_193950_Hero_Wars__R4.png;HW_HERO_0012;electra_von_grave__appearance_01;Electra von Grave;0.7529598249704132;MEDIUM;38234;R;4;visual_cluster_and_ocr;0
38234_Screenshot_20260728_193950_Hero_Wars__R5.png;HW_HERO_0017;guus__appearance_01;Guus;0.9998698234558105;HIGH;38234;R;5;visual_cluster_and_ocr;0
38235_Screenshot_20260728_193758_Hero_Wars__L1.png;HW_HERO_0051;xesha__appearance_01;Xe'Sha;0.9756322341683773;HIGH;38235;L;1;visual_cluster_and_ocr;0
38235_Screenshot_20260728_193758_Hero_Wars__L2.png;HW_HERO_0028;kendle__appearance_01;Kendle;0.9999910939321608;HIGH;38235;L;2;visual_cluster_and_ocr;0
38235_Screenshot_20260728_193758_Hero_Wars__L3.png;HW_HERO_0011;dorian__appearance_02;Dorian;0.9999293836390702;HIGH;38235;L;3;visual_cluster_and_ocr;0
38235_Screenshot_20260728_193758_Hero_Wars__L4.png;HW_HERO_0012;electra_von_grave__appearance_01;Electra von Grave;0.9000200544027401;HIGH;38235;L;4;visual_cluster_and_ocr;0
38235_Screenshot_20260728_193758_Hero_Wars__L5.png;HW_HERO_0001;aidan__appearance_01;Aidan;0.9999660401783836;HIGH;38235;L;5;visual_cluster_and_ocr;0
38235_Screenshot_20260728_193758_Hero_Wars__R1.png;HW_HERO_0018;iris__appearance_01;Iris;0.9992671012878418;HIGH;38235;R;1;visual_cluster_and_ocr;0
38235_Screenshot_20260728_193758_Hero_Wars__R2.png;HW_HERO_0042;polaris__appearance_01;Polaris;0.9998876760356626;HIGH;38235;R;2;visual_cluster_and_ocr;0
38235_Screenshot_20260728_193758_Hero_Wars__R3.png;HW_HERO_0012;electra_von_grave__appearance_01;Electra von Grave;0.9840731755541694;HIGH;38235;R;3;visual_cluster_and_ocr;0
38235_Screenshot_20260728_193758_Hero_Wars__R4.png;HW_HERO_0004;byrna__appearance_01;Byrna;0.9999851792468674;HIGH;38235;R;4;visual_cluster_and_ocr;0
38235_Screenshot_20260728_193758_Hero_Wars__R5.png;HW_HERO_0048;somna__appearance_01;Somna;0.9999123545939813;HIGH;38235;R;5;visual_cluster_and_ocr;0
2819_Screenshot_20250709-175304__R4.png;HW_HERO_0076;chabba__appearance_01;Chabba;0.997525373714041;HIGH;2819;R;4;manual_visual_and_ocr_batch_002;1
